市区町村名,名称,経度,緯度,isContained
京丹後市,縁城寺,135.069206,35.659433,False
京丹後市,間人のお宿炭平,135.087985,35.728973,False
京丹後市,磯砂山,135.03811,35.548532,False
京丹後市,熊野神社,134.911196,35.612763,False
京丹後市,金刀比羅神社,135.06026,35.621201,False
京丹後市,たんご朝市,135.025512,35.681516,False
京丹後市,吉原山城趾,134.974471,35.606464,False
京丹後市,丹後温泉はしうど荘,135.10271,35.740601,False
京丹後市,大宮売神社,135.101869,35.591228,False
京丹後市,神谷神社（神谷太刀宮）,134.892513,35.604043,False
京丹後市,平地地蔵,135.083634,35.54242,False
京丹後市,久僧海水浴場,135.172449,35.757384,False
京丹後市,大野城址,135.090789,35.582114,False
京丹後市,最北子午線塔,135.003127,35.693143,False
京丹後市,夕日ヶ浦温泉　あまやどりの宿　雨情草庵,134.966728,35.659102,False
京丹後市,静神社,134.99224,35.688544,False
京丹後市,夕日ヶ浦温泉　笑顔集まる宿　佳松苑,134.967124,35.659217,False
京丹後市,嶋児神社,135.018055,35.691365,False
京丹後市,久美浜湾遊覧船,134.896491,35.60832,False
京丹後市,網野銚子山古墳,135.029697,35.677794,False
京丹後市,丹後松島,135.13944,35.750656,False
京丹後市,夕日ヶ浦温泉　夕日浪漫　一望館,134.967084,35.664444,False
京丹後市,立岩,135.105438,35.743717,False
京丹後市,夕日ヶ浦温泉　大人専用の宿　佳松苑はなれ風香,134.967121,35.659218,False
京丹後市,経ヶ岬,135.223342,35.777134,False
京丹後市,屏風岩,135.122623,35.746115,False
京丹後市,京丹後市観光公社,135.025083,35.667262,False
京丹後市,黒部銚子山古墳,135.099403,35.68899,False
京丹後市,花郷OKADA,134.987978,35.648923,False
京丹後市,細川ガラシャ夫人隠棲地の碑,135.155536,35.650115,False
京丹後市,はなれ櫂,134.964442,35.660241,False
京丹後市,京丹後市観光公社　久美浜町支部,134.895139,35.602295,False
京丹後市,円頓寺,134.987281,35.589638,False
京丹後市,本願寺,134.902268,35.601796,False
京丹後市,丹後半島松島温泉　宇川温泉よし野の里,135.177069,35.754968,False
京丹後市,如意寺,134.889364,35.609976,False
京丹後市,久美の浜　みなと悠悠,134.916239,35.643303,False
京丹後市,久美浜温泉湯元館,134.944658,35.640468,False
京丹後市,京都　夕日ヶ浦温泉　丹後・食の宿　みのり旅館,134.967518,35.660587,False
京丹後市,湯舟坂2号墳,134.917849,35.562216,False
京丹後市,プラザホテル吉翠苑,135.064694,35.62474,False
京丹後市,丹後ちりめん発祥記念碑,135.057421,35.626143,False
京丹後市,タンゴ峰山温泉,135.081895,35.605679,False
京丹後市,妙性寺,135.150206,35.609208,False
京丹後市,琴引浜,135.048511,35.702382,False
京丹後市,とり松,135.0276,35.67318,False
京丹後市,上野温泉,134.964006,35.658197,False
京丹後市,間人皇后・聖徳太子母子像,135.105387,35.742497,False
京丹後市,はたやギャラリー　夢つむぎ,134.967941,35.667148,False
京丹後市,昭恋館よ志のや,135.094158,35.735544,False
京丹後市,八丁浜・小浜海水浴場,135.031444,35.694657,False
京丹後市,函石浜砂丘,134.939869,35.649886,False
京丹後市,木橋温泉,135.067889,35.676533,False
京丹後市,立岩・後ヶ浜海水浴場,135.095957,35.741948,False
京丹後市,京丹後市観光公社　網野町支部,135.025569,35.667345,False
京丹後市,浜詰夕日ヶ浦海水浴場,134.966082,35.6652,False
京丹後市,弥栄あしぎぬ温泉,135.079706,35.668368,False
京丹後市,京丹後市観光公社　丹後町支部,135.089998,35.737874,False
京丹後市,かぶと山山頂展望台,134.911191,35.612922,False
京丹後市,丹後網野温泉　浅茂川温泉　静の里,135.014074,35.68907,False
京丹後市,久美浜朝市,134.895138,35.602296,False
京丹後市,水辺のホテル　小さな白い花,135.042517,35.693342,False
京丹後市,小野小町温泉,135.100907,35.578866,False
京丹後市,高嶋海水浴場,135.164382,35.753868,False
京丹後市,野間川,135.166082,35.671243,False
京丹後市,碇高原牧場,135.192733,35.719083,False
京丹後市,浜詰夕日ヶ浦キャンプ場,134.964265,35.662643,False
京丹後市,箱石浜海水浴場,134.943316,35.653525,False
京丹後市,小浜キャンプ場,135.03019,35.690359,False
京丹後市,小町公園「小町の舎（やかた）」,135.146762,35.606964,False
京丹後市,風蘭の館,134.882459,35.651212,False
京丹後市,小天橋・葛野浜海水浴場,134.920924,35.645691,False
京丹後市,掛津キャンプ場,135.045576,35.700849,False
京丹後市,京丹後市久美浜中央運動公園,134.939328,35.589229,False
京丹後市,立岩後ヶ浜キャンプ場,135.10356,35.741493,False
京丹後市,竹野海水浴場,135.1127,35.743994,False
京丹後市,平キャンプ場,135.157163,35.752406,False
京丹後市,道の駅　丹後王国「食のみやこ」,135.068269,35.67434,False
京丹後市,中浜キャンプ場,135.18165,35.759764,False
京丹後市,細見工房,134.922722,35.619734,False
京丹後市,高嶋キャンプ場,135.165247,35.754979,False
京丹後市,丹後半島森林公園「スイス村」,135.19715,35.692781,False
京丹後市,テンキテンキ村オートキャンプ場,135.106918,35.739006,False
京丹後市,峰山途中ケ丘公園「京丹後はごろも陸上競技場」,135.059279,35.606842,False
京丹後市,ホテル丹後王国,135.067889,35.676536,False
京丹後市,蒲井浜海水浴場,134.88336,35.647266,False
京丹後市,碧翠御苑,134.890625,35.635427,False
京丹後市,丹後の湯宿　ゑびすや,134.973791,35.650277,False
京丹後市,袖志の棚田,135.208184,35.762448,False
京丹後市,ガラススタジオ「来夢」,134.949562,35.608837,False
京丹後市,琴引浜掛津海水浴場,135.045606,35.701652,False
京丹後市,天女の里,135.017606,35.561108,False
京丹後市,ウッディ　いさなご（京丹後市峰山林業総合センター）,135.03828,35.589778,False
京丹後市,道の駅てんきてんき丹後,135.105396,35.738819,False
京丹後市,道の駅くみはまSANKAIKAN,134.931797,35.630462,False
京丹後市,砂方海水浴場,135.081347,35.722579,False
京丹後市,スイス村山の家,135.20615,35.692257,False
京丹後市,豪商稲葉本家,134.897588,35.606172,False
京丹後市,碇高原ステーキハウス,135.190488,35.718832,False
京丹後市,京都府織物・機械金属振興センター,135.069936,35.62033,False
京丹後市,タカジンランド久美浜オートキャンプ場,134.915489,35.616967,False
京丹後市,丹後古代の里資料館,135.110262,35.737486,False
京丹後市,大宮ふれあい工房,135.10186,35.578247,False
京丹後市,中浜海水浴場,135.181299,35.759905,False
京丹後市,公益財団法人丹後地域地場産業振興センター（アミティ丹後）,135.025509,35.681514,False
京丹後市,風のがっこう京都,135.209259,35.694175,False
京丹後市,有限会社丹後ジャージー牧場,134.922991,35.616079,False
京丹後市,岩屋寺,135.097673,35.556332,False
京丹後市,白杉酒造株式会社,135.102712,35.590573,False
京丹後市,琴引浜鳴き砂文化館,135.057123,35.697523,False
京丹後市,静の杜,134.992239,35.688542,False
京丹後市,内山ブナ林,135.166555,35.626826,False
京丹後市,吉岡酒造場,135.113659,35.656903,False
京丹後市,大谷古墳公園,135.101498,35.57378,False
京丹後市,竹野酒造有限会社,135.092149,35.660487,False
京丹後市,熊野酒造有限会社,134.901757,35.605305,False
京丹後市,かぶと山公園キャンプ場,134.906517,35.61501,False
京丹後市,京丹後市大宮自然運動公園,135.078629,35.588735,False
京丹後市,木下酒造有限会社,134.918834,35.607608,False
京丹後市,久美の浜海岸,134.910994,35.644742,False
京丹後市,京丹後市峰山総合公園,135.069796,35.622368,False
伊根町,丹後大仏,135.241679,35.70745,False
伊根町,筒川文化センター,135.239587,35.710588,False
伊根町,新井崎神社,135.307727,35.694604,False
伊根町,カマヤ海岸,135.245398,35.75767,False
伊根町,伊根の舟屋,135.287246,35.67519,False
伊根町,株式会社筒川そば,135.238843,35.711234,False
伊根町,浦嶋神社,135.257845,35.728859,False
伊根町,のろせ海岸,135.299442,35.699948,False
伊根町,竜穴,135.258241,35.730192,False
伊根町,舟屋の里伊根,135.291138,35.674435,False
伊根町,布引の滝,135.244326,35.727568,False
伊根町,お食事処　油屋,135.291175,35.674492,False
伊根町,奥伊根温泉,135.287485,35.714664,False
伊根町,向井酒造株式会社,135.286395,35.674767,False
伊根町,伊根湾めぐり遊覧船,135.277354,35.670566,False
伊根町,お食事処　兵四楼,135.286943,35.677031,False
伊根町,伊根浦発信館おちゃやのかか,135.295187,35.671105,False
伊根町,浦嶋神社・宝物資料館,135.257845,35.72886,False
伊根町,レストラン舟屋,135.291108,35.674471,False
伊根町,食事処・呑み処なぎさ,135.289463,35.675177,False
伊根町,おみやげ伊根浦漁業,135.291103,35.674606,False
伊根町,伊根町観光協会,135.287943,35.675913,False
伊根町,伊根町観光交流施設「舟屋日和」,135.290747,35.673851,False
伊根町,よしむら,135.287038,35.675999,False
伊根町,水の江里浦嶋公園,135.257584,35.729854,False
伊根町,なでしこ,135.291138,35.674436,False
伊根町,来福（Life）水産,135.286716,35.67594,False
伊根町,台湾茶専門店靑竈,135.286524,35.674987,False
与謝野町,ちりめん街道,135.092258,35.504879,False
与謝野町,阿蘇シーサイドパーク,135.155243,35.565808,False
与謝野町,加悦椿文化資料館,135.059351,35.4757,False
与謝野町,与謝野町観光協会,135.093098,35.506618,False
与謝野町,大江山運動公園,135.095648,35.481125,False
与謝野町,梅林寺,135.089529,35.517352,False
与謝野町,加悦双峰公園,135.090938,35.446302,False
与謝野町,出雲大社与謝分祠,135.084903,35.518751,False
与謝野町,野田川森林公園,135.090551,35.525119,False
与謝野町,八幡神社,135.098915,35.531367,False
与謝野町,滝のツバキ公園,135.057399,35.466,False
与謝野町,施薬寺,135.079286,35.481867,False
与謝野町,江山文庫,135.103903,35.481381,False
与謝野町,板列八幡神社,135.162735,35.57566,False
与謝野町,広瀬創作工芸,135.09357,35.499562,False
与謝野町,弓木城跡,135.147071,35.565,False
与謝野町,谷口酒造株式会社,135.085419,35.47407,False
与謝野町,池ケ成公園,135.12601,35.480491,False
与謝野町,旧尾藤家住宅,135.091978,35.504634,False
与謝野町,かや山の家,135.121322,35.491774,False
与謝野町,陶真窯,135.117673,35.499318,False
与謝野町,クアハウス岩滝,135.153637,35.572449,False
与謝野町,与謝野町文化・工芸の里,135.103351,35.48199,False
与謝野町,岩滝温泉,135.159012,35.569303,False
与謝野町,雲岩公園,135.069759,35.524036,False
与謝野町,道の駅「シルクのまちかや」,135.09366,35.481411,False
与謝野町,丹後ちりめん歴史館,135.07861,35.527913,False
与謝野町,古墳公園・はにわ資料館,135.103759,35.506535,False
与謝野町,大内峠一字観公園,135.136117,35.564987,False
与謝野町,京都府野田川ユースセンター,135.088878,35.524691,False
与謝野町,与謝娘酒造合名会社,135.086669,35.476697,False
与謝野町,カフェ工房風夢,135.103351,35.481924,False
与謝野町,ちんざん,135.05904,35.475249,False
与謝野町,旧加悦鉄道加悦駅舎,135.094836,35.503959,False
与謝野町,旧加悦町役場,135.093048,35.506617,False
与謝野町,橋立ベイホテル,135.154397,35.573572,False
与謝野町,常栖寺庭園,135.113461,35.499891,False
与謝野町,西光寺庭園,135.09152,35.501215,False
与謝野町,天満宮の石燈籠,135.091673,35.50319,False
宮津市,元伊勢籠神社,135.196702,35.582792,False
宮津市,旧三上家住宅,135.191059,35.538122,False
宮津市,見性寺,135.189557,35.536061,False
宮津市,市営天橋立駐車場,135.178658,35.560372,False
宮津市,金引の滝,135.182312,35.529582,False
宮津市,カトリック宮津教会　聖ヨハネ天主堂,135.195094,35.535185,False
宮津市,智恵の餅,135.184677,35.557648,False
宮津市,智恩寺,135.183892,35.558724,False
宮津市,成相寺,135.187434,35.595596,False
宮津市,大江山,135.106393,35.453511,False
宮津市,茶六別館,135.196462,35.538232,False
宮津市,傘松公園,135.196108,35.586517,False
宮津市,文珠荘,135.185622,35.556429,False
宮津市,天橋立ビューランド,135.182118,35.552789,False
宮津市,京都府立丹後郷土資料館/旧永島家住宅/丹後国分寺跡,135.178561,35.579691,False
宮津市,天橋立ホテル,135.182097,35.558618,False
宮津市,宮津の湯らゆら温泉,135.234231,35.578504,False
宮津市,ホテル＆リゾーツ 京都 宮津（旧：宮津ロイヤルホテル）,135.234231,35.578504,False
宮津市,ハクレイ酒造株式会社,135.283284,35.515175,False
宮津市,お宿　対橋楼,135.184869,35.557639,False
宮津市,成相観音温泉,135.196081,35.581441,False
宮津市,みやづ歴史の館,135.197118,35.5388,False
宮津市,宮津市天橋立ユースホステル,135.199036,35.585715,False
宮津市,京都府立青少年海洋センター「マリーンピア」,135.230961,35.582353,False
宮津市,京都府立丹後海と星の見える丘公園,135.236085,35.622743,False
宮津市,関西電力宮津エネルギー研究所「丹後魚っ知館」,135.255207,35.556135,False
宮津市,宮津天橋立漁師町ととまーと,135.190629,35.543391,False
宮津市,地引き網漁体験,135.200994,35.579421,False
宮津市,「祈り」（ガラシャ夫人）像,135.195495,35.534938,False
宮津市,天橋立ワイン株式会社,135.177517,35.575578,False
宮津市,ワインとお宿　千歳,135.185017,35.557535,False
宮津市,天橋立アクティビティセンター,135.198299,35.578033,False
宮津市,オーベルジュ天橋立,135.181219,35.558869,False
宮津市,市営宮津駅前駐車場,135.200169,35.534816,False
宮津市,天橋立観光協会,135.182424,35.557716,False
宮津市,道の駅　海の京都宮津,135.193977,35.538198,False
宮津市,晶子の部屋,135.184867,35.557638,False
宮津市,宮津まちなか地域振興拠点施設,135.193969,35.538196,False
宮津市,智恵の湯（天橋立温泉外湯施設）,135.18299,35.557411,False
宮津市,田井宮津ヨットハーバー,135.229043,35.582787,False
宮津市,まるやす,135.183512,35.557372,False
宮津市,ホテル北野屋,135.17731,35.559941,False
宮津市,天橋立府中海水浴場,135.203918,35.58137,False
宮津市,天橋立海水浴場,135.187708,35.558977,False
宮津市,磯清水,135.187562,35.563366,False
宮津市,はしだて茶屋,135.186699,35.559494,False
宮津市,定置網体験,135.262897,35.661097,False
宮津市,丹後由良海水浴場,135.279339,35.52138,False
宮津市,橋本屋,135.185617,35.557889,False
宮津市,松吟,135.184917,35.557237,False
宮津市,ちりめん問屋,135.184747,35.557152,False
宮津市,橋立大丸　本店,135.184624,35.557352,False
宮津市,智恵くらべ,135.182452,35.558169,False
宮津市,田井観光フィッシング,135.229708,35.580459,False
宮津市,橋立観光ビル・マウンティーンマウス,135.18357,35.557864,False
宮津市,文珠荘　松露亭,135.184767,35.559611,False
宮津市,傘松の里,135.196129,35.581201,False
宮津市,天橋立,135.191821,35.569811,False
舞鶴市,舞鶴かき小屋　美味星,135.327373,35.463392,False
舞鶴市,舞鶴市東舞鶴駅駐車場,135.396345,35.470151,False
舞鶴市,まいづる智恵蔵,135.385432,35.474707,False
舞鶴市,池田酒造株式会社,135.282821,35.469783,False
舞鶴市,舞鶴市南田辺駐車場,135.330246,35.447074,False
舞鶴市,舞鶴市郷土資料館,135.330559,35.447654,False
舞鶴市,五老スカイタワー・五老ヶ岳公園,135.34359,35.46482,False
舞鶴市,まいづる観光ステーション,135.330391,35.442092,False
舞鶴市,大浦森林公園,135.38631,35.540532,False
舞鶴市,東郷邸,135.367794,35.478193,False
舞鶴市,青葉山ろく公園,135.439378,35.499836,False
舞鶴市,かき小屋　鶴昇丸,135.359231,35.505494,False
舞鶴市,舞鶴市七条海岸駐車場,135.394582,35.477555,False
舞鶴市,舞鶴かまぼこ手作り体験工房,135.327053,35.455258,False
舞鶴市,舞鶴市西舞鶴駅駐車場,135.330554,35.443182,False
舞鶴市,舞鶴赤れんがパーク,135.385432,35.474707,False
舞鶴市,舞鶴観光協会（一般社団法人京都府北部地域連携都市圏振興社 舞鶴地域本部）,135.385432,35.474707,False
舞鶴市,円隆寺,135.323959,35.443363,False
舞鶴市,たかお温泉　光の湯,135.330609,35.421095,False
舞鶴市,冠島,135.424333,35.678404,False
舞鶴市,海軍ゆかりの港めぐり遊覧船,135.38671,35.476097,False
舞鶴市,松尾寺,135.468664,35.497156,False
舞鶴市,舞鶴公園,135.33091,35.445851,False
舞鶴市,安寿姫塚,135.292054,35.459365,False
舞鶴市,エル・マールまいづる,135.343966,35.513491,False
舞鶴市,京都舞鶴港,135.332933,35.472074,False
舞鶴市,舞鶴親海公園,135.343966,35.513491,False
舞鶴市,多禰寺,135.386668,35.531847,False
舞鶴市,舞鶴ふるるファーム,135.347878,35.536442,False
舞鶴市,道の駅　舞鶴港とれとれセンター,135.314683,35.449956,False
舞鶴市,田辺城資料館,135.330124,35.446184,False
舞鶴市,金剛院,135.447298,35.476224,False
舞鶴市,舞鶴引揚記念館,135.396691,35.509524,False
舞鶴市,舞鶴自然文化園,135.39699,35.538522,False
舞鶴市,舞鶴市立赤れんが博物館,135.387461,35.476105,False
舞鶴市,大庄屋　上野家,135.215863,35.445587,False
舞鶴市,海上自衛隊海軍記念館,135.372055,35.475201,False
舞鶴市,舞鶴市政記念館,135.385434,35.474705,False
舞鶴市,舞鶴市総合文化会館,135.388685,35.476764,False
福知山市,島田神社,135.047021,35.281671,False
福知山市,元伊勢外宮豊受大神社,135.151407,35.40257,False
福知山市,大原神社,135.294237,35.245814,False
福知山市,大雲記念館（大雲の里/旧平野家住宅）,135.176941,35.393035,False
福知山市,三和荘,135.222197,35.223314,False
福知山市,細野峠,135.266273,35.196219,False
福知山市,大江山鬼瓦公園,135.147681,35.388824,False
福知山市,福知山市治水記念館,135.125409,35.303574,False
福知山市,円満院,135.024847,35.363242,False
福知山市,宝山公園,134.918835,35.346383,False
福知山市,元伊勢天岩戸神社,135.150098,35.431104,False
福知山市,日本の鬼の交流博物館・鬼文化研究所,135.144461,35.459039,False
福知山市,二瀬川渓流,135.15001,35.450258,False
福知山市,元伊勢内宮皇大神社,135.154319,35.430457,False
福知山市,大江山鬼嶽稲荷神社,135.111957,35.448014,False
福知山市,福知山観光協会,135.118669,35.296073,False
福知山市,福知山城（福知山城天守閣）,135.129662,35.296885,False
福知山市,和紙伝承館,135.152336,35.413794,False
福知山市,三段池公園,135.138732,35.310673,False
福知山市,長安寺（もみじ寺）,135.084404,35.314156,False
福知山市,天寧寺,135.088251,35.361678,False
福知山市,酒呑童子の里バンガロー村,135.145558,35.458778,False
福知山市,京都大呂ガーデンテラス（大呂自然休養村センター）,135.087551,35.36075,False
福知山市,養泉寺（はぎ寺）,135.131314,35.313303,False
福知山市,觀音寺（丹波あじさい寺）,135.192395,35.300665,False
福知山市,醍醐寺（福知山市）,135.1419,35.323959,False
福知山市,福知山市児童科学館,135.136304,35.312219,False
福知山市,福知山市都市緑化植物園,135.136978,35.311921,False
福知山市,やくの高原市,134.929585,35.338227,False
福知山市,福知山市動物園,135.138452,35.309717,False
福知山市,福知山観光協会レンタサイクル事業,135.118671,35.296075,False
福知山市,顕龍山興雲寺,135.218841,35.194695,False
福知山市,ゆらのガーデン,135.131412,35.296387,False
福知山市,酒呑童子の里　大江山グリーンロッジ,135.145558,35.458714,False
福知山市,ニコニコ温泉,135.118803,35.29177,False
福知山市,福知山市丹波生活衣館,135.129163,35.29745,False
福知山市,東和酒造有限会社,135.215153,35.242993,False
福知山市,福知山温泉　養老の湯,135.157777,35.280423,False
福知山市,福知山旅館ホテル組合,135.118359,35.298912,False
福知山市,やくの玄武岩公園,134.937092,35.327883,False
福知山市,道の駅　農匠の郷やくの「やくの木と漆の館」,134.93153,35.338825,False
福知山市,酒呑童子の里　大江山鬼瓦工房,135.145558,35.458711,False
福知山市,道の駅　農匠の郷やくの,134.92978,35.338381,False
福知山市,福知山市佐藤太清記念美術館,135.130213,35.297419,False
福知山市,夜久野町化石・郷土資料館,134.929886,35.338436,False
福知山市,産屋,135.294236,35.245816,False
福知山市,あしぎぬ大雲の里,135.176943,35.393034,False
福知山市,天祥山長橋寺,135.179969,35.387791,False
福知山市,長田野工業団地,135.172266,35.284964,False
福知山市,福知山市芦田均記念館,135.178639,35.260176,False
福知山市,泰山窯  大林  泰山,135.171216,35.286865,False
福知山市,陶匠菴,135.129094,35.285021,False
福知山市,福知山温泉「福湶源湯」,135.150982,35.286045,False
綾部市,あやべ特産館,135.258343,35.304658,False
綾部市,若宮酒造株式会社,135.267939,35.293233,False
綾部市,栄温泉　うし乃湯,135.251703,35.302001,False
綾部市,綾部市資料館,135.264385,35.313091,False
綾部市,あやべグンゼスクエア,135.258343,35.304659,False
綾部市,グンゼ博物苑・グンゼ記念館・道光庵,135.257639,35.304977,False
綾部市,綾部バラ園,135.25842,35.305098,False
綾部市,私市円山古墳公園,135.19639,35.314402,False
綾部市,紫水ヶ丘公園,135.270009,35.297409,False
綾部市,綾部市総合運動公園,135.314561,35.363182,False
綾部市,正暦寺,135.26291,35.292155,False
綾部市,綾部市丸山スポーツ公園／グラウンドゴルフ,135.273416,35.316256,False
綾部市,岩王寺,135.29735,35.36415,False
綾部市,綾部市二王公園,135.437806,35.373002,False
綾部市,照福寺,135.31462,35.296298,False
綾部市,山家城址公園,135.318054,35.300725,False
綾部市,楞厳寺,135.224334,35.324133,False
綾部市,綾部ふれあい牧場,135.238363,35.324623,False
綾部市,綾部・梅松苑（大本）,135.261633,35.296538,False
綾部市,あやべ山の家,135.437831,35.372505,False
綾部市,安国寺,135.307159,35.340955,False
綾部市,国宝光明寺二王門,135.442087,35.387399,False
綾部市,あやべ温泉,135.434884,35.377286,False
綾部市,あやべ観光案内所,135.252128,35.301955,False
綾部市,綾部市天文館「パオ」,135.263945,35.311224,False
綾部市,綾部市観光協会（あやべ観光案内所内）,135.252125,35.301959,False
綾部市,乙味渓流荘,135.35357,35.300173,False
綾部市,綾部市里山交流研修センター,135.201667,35.341542,False
綾部市,木の花庵（旧岡花家住宅）,135.261632,35.296534,False
綾部市,黒谷和紙会館,135.313614,35.381041,False
京丹波町,琴滝,135.439368,35.138873,False
京丹波町,渡辺家住宅,135.430926,35.216684,False
京丹波町,質美八幡宮,135.381798,35.216949,False
京丹波町,京都府立丹波自然運動公園,135.415744,35.166214,False
京丹波町,天足山祥雲寺,135.436556,35.268724,False
京丹波町,民宿きむら,135.34641,35.182104,False
京丹波町,長老ヶ岳,135.474909,35.303016,False
京丹波町,長源寺,135.3592,35.271308,False
京丹波町,アグリパークわち,135.446295,35.259105,False
京丹波町,大福光寺,135.431659,35.217211,False
京丹波町,グリーンランドみずほ,135.365307,35.164242,False
京丹波町,道の駅　丹波マーケス,135.428696,35.154981,False
京丹波町,道の駅　瑞穂の里・さらびき,135.361375,35.167296,False
京丹波町,御菓子司　山下秀製菓,135.379516,35.179823,False
京丹波町,石井食品株式会社　京丹波工場,135.419298,35.179891,False
京丹波町,由良川・上和知川の魚釣り,135.400116,35.25802,False
京丹波町,質志鐘乳洞公園,135.320229,35.237081,False
京丹波町,塩谷古墳公園,135.414846,35.157524,False
京丹波町,鮎茶屋料理旅館　角屋,135.39804,35.261084,False
京丹波町,咲家つる丸,135.384902,35.180529,False
京丹波町,菓歩菓歩,135.398337,35.266096,False
京丹波町,ふるさと,135.39714,35.259936,False
京丹波町,須知城跡,135.437954,35.142243,False
京丹波町,道の駅　和（なごみ）,135.397569,35.270231,False
京丹波町,京丹波町観光協会,135.427615,35.154304,False
京丹波町,民宿ほその,135.302443,35.222033,False
京丹波町,cafe　MOKA,135.420649,35.180505,False
京丹波町,ウッディ・パルわち,135.426027,35.302409,False
京丹波町,瑞穂マスターズ農園,135.365308,35.16424,False
京丹波町,明隆寺観音堂,135.424238,35.303823,False
京丹波町,みずほ人形の家みやび,135.387607,35.211554,False
京丹波町,わち山野草の森,135.398087,35.265826,False
京丹波町,ステンドグラス遊園地　JAHPON LAND,135.376048,35.176246,False
京丹波町,丹波ワインハウス,135.396877,35.171575,False
京丹波町,丹波高原朝採り野菜市,135.428699,35.154977,False
京丹波町,有限会社長老,135.401794,35.259787,False
京丹波町,京丹波　味夢の里,135.41615,35.155992,False
京丹波町,京丹波町和知B&G海洋センターカヌー艇庫・クラブハウス,135.383554,35.266626,False
南丹市,南丹市国際交流会館,135.470858,35.106696,False
南丹市,蔵元直売店　美山路「酒の館」美山蔵,135.623904,35.304544,False
南丹市,観光農園江和ランド,135.65171,35.318651,False
南丹市,京都イルミネーション　シナスタジアヒルズ　るり渓温泉,135.397442,35.031229,False
南丹市,西京都パラグライダー練習場,135.507028,35.079796,False
南丹市,JR日吉駅レンタサイクル,135.503225,35.16288,False
南丹市,道の駅　京都新光悦村,135.48219,35.123787,False
南丹市,GRAX HANARE　京都るり渓,135.39765,35.031466,False
南丹市,園部ビューホテル,135.480408,35.105795,False
南丹市,株式会社山田製油　胡麻工場,135.460299,35.203489,False
南丹市,虹の湖パターゴルフ場,135.468006,35.267522,False
南丹市,料理旅館　枕川楼,135.640765,35.313588,False
南丹市,美山町自然文化村　河鹿荘,135.639524,35.310653,False
南丹市,スチールの森京都（京都府立府民の森ひよし）,135.52976,35.137186,False
南丹市,長谷運動広場,135.536357,35.278678,False
南丹市,GOMA,135.482034,35.191328,False
南丹市,るり渓温泉「心と身体の癒しの森」,135.398059,35.032919,False
南丹市,GRAX　京都るり渓,135.398675,35.032071,False
南丹市,ほのぼの八木の湯　温泉スタンド,135.543094,35.09082,False
南丹市,美山エビスウッズガーデン・カフェ,135.55164,35.275037,False
南丹市,平田酒店,135.446708,35.058279,False
南丹市,日吉ダム　インフォギャラリー,135.519082,35.144784,False
南丹市,美山かやぶき美術館・郷土資料館,135.551508,35.268316,False
南丹市,ひよしフォレストリゾート山の家,135.547021,35.184543,False
南丹市,氷室の郷,135.543092,35.090818,False
南丹市,普済寺,135.457993,35.056608,False
南丹市,南丹市日吉町郷土資料館,135.530985,35.137491,False
南丹市,大山祇神社,135.406717,35.054531,False
南丹市,美山民俗資料館,135.623052,35.313865,False
南丹市,摩気神社,135.427017,35.08914,False
南丹市,氷室の郷田園ホール,135.543094,35.090816,False
南丹市,京都帝釋天,135.522231,35.114453,False
南丹市,京都府立るり渓少年自然の家「グリーンパルるり渓」,135.399543,35.029497,False
南丹市,清源寺,135.534357,35.104744,False
南丹市,道の駅スプリングスひよし,135.516202,35.152819,False
南丹市,生身天満宮,135.474339,35.104181,False
南丹市,南丹市立文化博物館,135.471359,35.1067,False
南丹市,大堰川緑地公園,135.53757,35.071071,False
南丹市,雪印メグミルク株式会社　京都工場池上製造所,135.538475,35.085275,False
南丹市,西光寺,135.504545,35.097931,False
南丹市,雪印メグミルク株式会社　京都工場,135.508013,35.094837,False
南丹市,春日神社,135.500237,35.124193,False
南丹市,一般社団法人南丹市美山観光まちづくり協会,135.588275,35.276648,False
南丹市,龍興寺,135.52378,35.068554,False
南丹市,日吉町観光協会,135.503194,35.162857,False
南丹市,多治神社,135.520873,35.198917,False
南丹市,健康野菜市,135.458913,35.263528,False
南丹市,普門院,135.557869,35.169661,False
南丹市,天体観測施設　遊星館,135.394908,35.032992,False
南丹市,かやぶきの里,135.622493,35.312908,False
南丹市,株式会社京都黒豆屋,135.49632,35.171625,False
南丹市,九品寺,135.440208,35.101485,False
南丹市,八木町観光協会,135.532476,35.0706,False
南丹市,美山芦生山の家,135.714051,35.310555,False
南丹市,氷室の郷　新鮮やぎ朝採り市,135.543095,35.090819,False
南丹市,銘産菓子処 「米儀福寿堂」,135.532459,35.069819,False
南丹市,道の駅美山ふれあい広場,135.587932,35.276746,False
南丹市,南丹市日吉総合運動広場,135.483684,35.190314,False
南丹市,ハミングバード通天湖,135.401327,35.03139,False
南丹市,大野ダム公園,135.458911,35.263531,False
南丹市,京ゆば処　静家,135.571507,35.268185,False
南丹市,るり渓温泉「こぶし荘花あかり」,135.397621,35.03173,False
南丹市,八木バイオエコロジーセンター,135.538512,35.095658,False
南丹市,成願寺,135.542267,35.330262,False
南丹市,ちいさな藍美術館,135.623571,35.313898,False
南丹市,南丹市日吉畑郷市民農園,135.4703,35.219024,False
南丹市,美山川の魚釣り,135.588964,35.276795,False
南丹市,大堰川の魚釣り,135.520481,35.143359,False
南丹市,西乗寺,135.572381,35.271745,False
南丹市,文覚ふれあい公園,135.52194,35.099592,False
南丹市,唐戸渓谷,135.699099,35.30756,False
南丹市,園部城跡,135.470489,35.104791,False
南丹市,京都府立るり渓自然公園,135.402436,35.032091,False
亀岡市,平の沢公園（水鳥のみち）,135.567272,35.066491,False
亀岡市,ひえ田野神社,135.534948,35.017584,False
亀岡市,松園荘保津川亭,135.508525,35.020134,False
亀岡市,ほん梅の里,135.485122,35.024627,False
亀岡市,湯の花温泉,135.506016,35.021051,False
亀岡市,里山の休日　京都・烟河,135.499873,35.021898,False
亀岡市,鍬山神社,135.577301,34.996194,False
亀岡市,すみや亀峰菴,135.505917,35.02158,False
亀岡市,千手寺,135.52098,35.035811,False
亀岡市,亀岡市文化資料館,135.585467,35.013542,False
亀岡市,谷性寺（光秀寺）,135.492426,35.033414,False
亀岡市,宝泉寺禅センター,135.612356,35.011457,False
亀岡市,出雲大神宮,135.578307,35.059135,False
亀岡市,一般社団法人亀岡市観光協会,135.582479,35.01663,False
亀岡市,穴太寺,135.549223,35.006637,False
亀岡市,亀岡運動公園,135.548423,35.01388,False
亀岡市,森のステーションかめおか,135.515129,35.056124,False
亀岡市,ガレリアかめおか,135.567091,35.014376,False
亀岡市,丹波亀山城跡,135.581467,35.013284,False
亀岡市,亀岡市七谷川野外活動センター,135.586329,35.045795,False
亀岡市,京　YUNOHANA RESORT　翠泉,135.511688,35.020049,False
亀岡市,さくら公園,135.582578,35.044974,False
亀岡市,なごみの里　あさひ,135.565257,35.071826,False
亀岡市,大石酒造,135.535989,35.01738,False
亀岡市,「離れ」にのうみ,135.585196,35.008675,False
亀岡市,パラパーク京都,135.568801,35.068398,False
亀岡市,丹山酒造,135.583671,35.009149,False
亀岡市,おもてなしの宿　渓山閣,135.519848,35.01813,False
亀岡市,関酒造,135.577612,35.011412,False
亀岡市,物産市場アトリオ,135.567093,35.014372,False
亀岡市,出雲大神宮の真名井の水,135.578308,35.05913,False
亀岡市,藤井陶苑,135.494958,35.036674,False
亀岡市,温泉スタンド,135.517227,35.01893,False
亀岡市,亀岡運動公園プール,135.548213,35.015112,False
亀岡市,犬甘野風土館「季楽」,135.510117,34.973597,False
亀岡市,楽々荘,135.576533,35.016009,False
向日市,歴史文化交流センター,135.712829,34.946146,False
向日市,向日市文化資料館,135.699474,34.949295,False
向日市,竹の径,135.688003,34.958919,False
向日市,長岡宮跡大極殿公園,135.703299,34.943611,False
向日市,向日市観光交流センター　まちてらすMUKO,135.709266,34.956754,False
向日市,向日市観光協会,135.698289,34.948748,False
向日市,五塚原古墳,135.695215,34.949932,False
向日市,向日神社,135.697126,34.944137,False
向日市,元稲荷古墳,135.697251,34.945337,False
向日市,ゆめパレアむこう,135.713045,34.944038,False
向日市,寺戸大塚古墳,135.688626,34.955932,False
向日市,長岡宮朝堂院西第四堂跡,135.702811,34.941532,False
向日市,物集女車塚古墳,135.699243,34.958029,False
向日市,北真経寺,135.706117,34.943768,False
向日市,南真経寺,135.701448,34.943275,False
向日市,本山石塔寺,135.7009,34.941608,False
向日市,西国街道,135.700363,34.942685,False
向日市,向日市天文館,135.697778,34.943722,False
向日市,東洋竹工,135.708968,34.954177,False
長岡京市,長岡京市観光協会,135.692778,34.926144,False
長岡京市,勝龍寺城跡（勝竜寺城公園）,135.700691,34.918273,False
長岡京市,京都府長岡京記念文化会館,135.688306,34.927086,False
長岡京市,光明寺（長岡京市）,135.675127,34.938434,False
長岡京市,長岡京市立神足ふれあい町家（旧石田家住宅）,135.698424,34.919962,False
長岡京市,乙訓寺,135.689089,34.936302,False
長岡京市,長岡京市立中山修一記念館,135.699319,34.911027,False
長岡京市,長岡天満宮,135.686497,34.922854,False
長岡京市,サントリー〈天然水のビール工場〉京都ブルワリー,135.696877,34.911015,False
長岡京市,香老舗 松栄堂　長岡京工場,135.709243,34.914768,False
長岡京市,柳谷観音（楊谷寺）,135.652585,34.91427,False
長岡京市,勝龍寺,135.701133,34.916622,False
長岡京市,柳谷観音独鈷水,135.652586,34.914271,False
長岡京市,長法寺,135.675932,34.93305,False
長岡京市,長岡京市立埋蔵文化財調査センター,135.678061,34.924254,False
長岡京市,長岡京市ふれあい朝市,135.700414,34.918119,False
大山崎町,奥の山展望広場,135.672065,34.907438,False
大山崎町,聴竹居,135.679921,34.893671,False
大山崎町,十七烈士の墓,135.677439,34.90165,False
大山崎町,宝積寺（宝寺）,135.67854,34.895451,False
大山崎町,天王山夢ほたる公園,135.691284,34.90719,False
大山崎町,アサヒビール大山崎山荘美術館,135.679622,34.895689,False
大山崎町,史跡　大山崎瓦窯跡公園,135.683286,34.896488,False
大山崎町,大山崎町歴史資料館,135.682805,34.892866,False
大山崎町,天王山,135.676153,34.901788,False
大山崎町,観音寺（山崎聖天）,135.682139,34.89855,False
大山崎町,大念寺,135.680509,34.894608,False
大山崎町,小倉神社,135.677263,34.909927,False
大山崎町,自玉手祭来酒解神社（酒解神社）,135.678685,34.901674,False
大山崎町,「秀吉の道」陶板絵図,135.680088,34.898827,False
大山崎町,山崎合戦記念碑と旗立松・展望台,135.680319,34.899619,False
大山崎町,離宮八幡宮,135.679514,34.891998,False
大山崎町,天王山ハイキングコース,135.679984,34.898045,False
大山崎町,三笑亭,135.679125,34.891528,False
大山崎町,妙喜庵（国宝「待庵」）,135.680357,34.892293,False
宇治市,宇治市総合野外活動センター「アクトパル宇治」,135.855763,34.933978,False
宇治市,中村藤吉本店,135.801721,34.889437,False
宇治市,公益社団法人宇治市観光協会,135.808806,34.888844,False
宇治市,宇治市植物公園,135.796175,34.871178,False
宇治市,黄檗山萬福寺,135.807269,34.913824,False
宇治市,府民ふれあいの森,135.801697,34.870557,False
宇治市,宇治茶道場「匠の館」,135.808898,34.891812,False
宇治市,野鳥の森,135.802372,34.873645,False
宇治市,宇治市文化センター,135.804764,34.879542,False
宇治市,宇治橋,135.806255,34.892956,False
宇治市,平等院　鳳翔館,135.807389,34.888737,False
宇治市,京都府立宇治公園（塔の島・橘島）,135.809367,34.889134,False
宇治市,宝蔵院（収蔵庫）,135.80431,34.915277,False
宇治市,橋寺（放生院常光寺）,135.807955,34.893272,False
宇治市,平等院,135.807678,34.889292,False
宇治市,天ヶ瀬ダム,135.828227,34.880866,False
宇治市,三室戸寺霊宝殿,135.819189,34.900509,False
宇治市,県神社,135.805944,34.88846,False
宇治市,黄檗ほていまつり,135.807269,34.913824,False
宇治市,宇治神社,135.810687,34.891065,False
宇治市,宇治・上林記念館,135.804182,34.891036,False
宇治市,三室戸寺,135.81919,34.900503,False
宇治市,宇治市源氏物語ミュージアム,135.810346,34.893812,False
宇治市,普茶料理・白雲庵,135.804888,34.913783,False
宇治市,宇治市市営茶室対鳳庵,135.808698,34.889022,False
宇治市,宇治平等院表参道,135.806445,34.891084,False
宇治市,花やしき浮舟園,135.810857,34.887434,False
宇治市,京都府立山城総合運動公園「太陽が丘」,135.803986,34.869661,False
宇治市,通圓　本店,135.807266,34.893292,False
宇治市,丸久小山園,135.78551,34.8956,False
宇治市,朝日焼　作陶館,135.810315,34.890021,False
宇治市,一般財団法人青少年文化研修道場,135.806825,34.911481,False
宇治市,炭山陶芸,135.836236,34.914651,False
宇治市,三休庵宇治茶資料室,135.80617,34.891022,False
宇治市,京阪宇治駅前観光案内所,135.806566,34.894236,False
宇治市,宇治市歴史資料館,135.804085,34.879289,False
宇治市,福寿園　宇治喫茶館,135.808662,34.889142,False
宇治市,JR宇治駅前駐車場,135.800694,34.890415,False
宇治市,宇治上神社,135.811431,34.892075,False
宇治市,上林春松本店　抹茶工場,135.791518,34.891363,False
宇治市,福寿園　宇治茶菓子工房,135.805993,34.891532,False
宇治市,福寿園　宇治茶工房,135.810585,34.890289,False
城陽市,京都府立木津川運動公園　城陽五里五里の丘,135.796123,34.846066,False
城陽市,史跡森山遺跡,135.79093,34.843351,False
城陽市,城陽市総合運動公園（鴻ノ巣山運動公園）,135.797603,34.855034,False
城陽市,鴨谷の滝,135.83264,34.834885,False
城陽市,エコ・ポート長谷山,135.828363,34.852076,False
城陽市,上津屋の浜茶,135.755882,34.865465,False
城陽市,城陽市歴史民俗資料館（五里ごり館）,135.773361,34.849215,False
城陽市,農産物直売所　五里五里市,135.781635,34.839321,False
城陽市,青少年野外活動総合センター「友愛の丘」,135.794671,34.849987,False
城陽市,荒見神社,135.784054,34.840951,False
城陽市,城陽酒造株式会社,135.798279,34.828314,False
城陽市,阿弥陀寺,135.771123,34.835649,False
城陽市,城陽市観光協会,135.772311,34.853151,False
城陽市,水度神社,135.789578,34.854832,False
城陽市,上方温泉　一休　京都本館,135.825369,34.835795,False
城陽市,鴻ノ巣山,135.796187,34.856214,False
城陽市,文化パルク城陽,135.773536,34.849312,False
城陽市,久世神社,135.780137,34.859718,False
城陽市,城陽旬菜市直売所,135.772691,34.848695,False
城陽市,青谷梅林,135.808289,34.835573,False
城陽市,史跡久津川古墳群,135.77901,34.864912,False
城陽市,史跡芝ケ原古墳,135.783548,34.86287,False
城陽市,史跡めぐりモデル・コース,135.780789,34.856125,False
城陽市,史跡正道官衙遺跡,135.784289,34.860246,False
久御山町,京都府立府民スポーツ広場「みどりが丘」,135.830653,34.859965,False
久御山町,KTC　ものづくり技術館,135.747859,34.881712,False
久御山町,コカ・コーラボトラーズジャパン株式会社　京都工場見学,135.74526,34.884119,False
久御山町,延喜式内社雙栗神社,135.757559,34.876247,False
久御山町,ふれあい交流館ゆうホール,135.753145,34.881322,False
久御山町,久御山町農産物直売所「旬菜の里」,135.746175,34.89287,False
久御山町,久御山町レンタサイクル,135.74731,34.891983,False
久御山町,玉田神社,135.73925,34.893129,False
久御山町,旧山田家住宅,135.739863,34.904327,False
久御山町,まちの駅　クロスピアくみやま,135.747319,34.891829,False
八幡市,男山レクリエーションセンター,135.69577,34.879582,False
八幡市,石清水八幡宮清峯殿（研修センター）,135.700065,34.879649,False
八幡市,単伝庵（らくがき寺）,135.706332,34.882442,False
八幡市,八幡市文化センター,135.707692,34.874662,False
八幡市,御菓子司亀屋芳邦,135.702749,34.870694,False
八幡市,さつき近隣公園,135.695054,34.870661,False
八幡市,やわた流れ橋交流プラザ四季彩館,135.743751,34.866077,False
八幡市,泰勝寺,135.703182,34.880176,False
八幡市,松花堂庭園・美術館,135.704555,34.862878,False
八幡市,橋本の香,135.682682,34.881901,False
八幡市,一般社団法人八幡市観光協会,135.700795,34.884468,False
八幡市,八幡市市民スポーツ公園・体育館,135.743825,34.862135,False
八幡市,御生菓子司志ﾞばん宗（じばんそう）,135.703871,34.878185,False
八幡市,正法寺（八幡市）,135.701015,34.870208,False
八幡市,松花堂ふれあい市,135.70398,34.862934,False
八幡市,やわた走井餅老舗,135.701446,34.883813,False
八幡市,神應寺,135.699966,34.88334,False
八幡市,淀川河川公園「背割堤地区」,135.695229,34.890548,False
八幡市,石清水八幡宮,135.700065,34.879649,False
八幡市久御山町,流れ橋（上津屋橋）,135.747444,34.867752,False
八幡市,善法律寺（紅葉寺）,135.702746,34.875799,False
八幡市,円福寺（達磨堂）,135.700999,34.852212,False
八幡市,飛行神社,135.702986,34.883801,False
八幡市,伊佐家住宅,135.746738,34.865086,False
京田辺市,白山神社,135.781403,34.785241,False
京田辺市,酬恩庵一休寺,135.757557,34.821019,False
京田辺市,京田辺市野外活動センター（竜王こどもの王国）,135.7377,34.822793,False
京田辺市,月読神社,135.741078,34.836284,False
京田辺市,咋岡神社（飯岡）,135.797083,34.804884,False
京田辺市,甘南備山,135.74456,34.810438,False
京田辺市,飯岡古墳群,135.79161,34.805726,False
京田辺市,佐牙神社,135.783495,34.792651,False
京田辺市,普賢寺ふれあいの駅,135.761101,34.792854,False
京田辺市,澤井家住宅,135.750348,34.836693,False
京田辺市,一般社団法人京田辺市観光協会,135.76972,34.820391,False
京田辺市,天神社,135.731101,34.845246,False
京田辺市,大住車塚古墳,135.748122,34.838217,False
京田辺市,須賀神社,135.738047,34.755938,False
京田辺市,新田辺駅東自転車駐車場,135.773439,34.821662,False
京田辺市,棚倉孫神社,135.763394,34.821414,False
京田辺市,酒屋神社,135.766339,34.807091,False
京田辺市,朱智神社,135.733638,34.781249,False
京田辺市,大御堂観音寺,135.761829,34.79587,False
京田辺市,寿宝寺,135.788945,34.800219,False
井手町,大正池グリーンパーク,135.855502,34.811909,False
井手町,井手の玉川,135.822027,34.801527,False
井手町,玉水駅前休憩所「さくら」,135.806835,34.80002,False
井手町,駒岩の左馬,135.826843,34.801659,False
井手町,万灯呂山展望台,135.823137,34.813531,False
井手町,松の下露跡,135.851361,34.806846,False
井手町,龍王の滝,135.824269,34.818596,False
井手町,玉津岡神社,135.819867,34.8042,False
井手町,高神社,135.814197,34.817069,False
井手町,谷川ホタル公園,135.812375,34.817467,False
井手町,小町塚,135.818762,34.802434,False
宇治田原町,禅定寺,135.875177,34.876841,False
宇治田原町,建藤神社,135.875529,34.874268,False
宇治田原町,猿丸神社,135.88417,34.880169,False
宇治田原町,田原又太郎忠綱の墓,135.849512,34.849132,False
宇治田原町,妙楽寺,135.849801,34.851627,False
宇治田原町,柿屋,135.864244,34.854209,False
宇治田原町,末山・くつわ池自然公園,135.83513,34.862569,False
宇治田原町,ふれあい交流施設（西ノ山展望広場）,135.835289,34.852661,False
宇治田原町,JA京都やましろ宇治茶の郷,135.852887,34.85065,False
宇治田原町,宗円交遊庵やんたん,135.897949,34.85275,False
宇治田原町,山瀧寺跡,135.858755,34.854909,False
宇治田原町,正寿院,135.920777,34.849818,False
宇治田原町,やすらぎの道,135.857722,34.852463,False
宇治田原町,禅定寺五輪塔,135.875177,34.87684,False
宇治田原町,岩本城跡,135.874549,34.856762,False
宇治田原町,禅定寺宝物殿,135.875177,34.87684,False
宇治田原町,龍王の滝,135.850325,34.833673,False
宇治田原町,天神社,135.919157,34.858499,False
宇治田原町,宝筐印塔,135.861269,34.84301,False
宇治田原町,郷之口本町,135.853145,34.852179,False
宇治田原町,鷲峰山,135.90844,34.830463,False
宇治田原町,お茶の郷　木谷山,135.874892,34.859182,False
宇治田原町,高尾,135.842233,34.864871,False
宇治田原町,大宮神社,135.860123,34.856612,False
宇治田原町,宇治田原町住民プール,135.864247,34.855905,False
宇治田原町,大道神社,135.884217,34.847465,False
宇治田原町,大道寺,135.883263,34.847518,False
宇治田原町,大滝,135.906755,34.840751,False
宇治田原町,永谷宗円生家,135.902885,34.848077,False
宇治田原町,御栗栖神社,135.862142,34.834849,False
宇治田原町,田原天皇社跡,135.85853,34.855487,False
宇治田原町,早蕨山荘　赤政,135.848338,34.856143,False
宇治田原町,山口城跡,135.852578,34.85274,False
宇治田原町,信西入道塚,135.883273,34.847359,False
宇治田原町,茶宗明神社,135.903135,34.847763,False
宇治田原町,お茶の資料室,135.863136,34.855728,False
宇治田原町,宇治田原町総合文化センター,135.863136,34.85573,False
木津川市,西念寺,135.841519,34.744654,False
木津川市,やすらぎタウン　山城プール,135.815555,34.757144,False
木津川市,福寿園CHA遊学パーク,135.791695,34.733101,False
木津川市,不動川公園,135.82203,34.777718,False
木津川市,積水ハウス総合住宅研究所　納得工房,135.788231,34.731564,False
木津川市,山城総合文化センター　アスピアやましろ,135.812187,34.77587,False
木津川市,上津遺跡,135.826134,34.741546,False
木津川市,一般社団法人木津川市観光協会,135.869531,34.752694,False
木津川市,蟹満寺,135.815864,34.786429,False
木津川市,上狛駅東公園テニスコート,135.821833,34.750289,False
木津川市,不動川砂防歴史公園,135.834812,34.785117,False
木津川市,国立研究開発法人量子科学技術研究開発機構　関西光科学研究所,135.838331,34.712939,False
木津川市,涌出宮（和伎神社）,135.817352,34.775374,False
木津川市,山城町森林公園（レストヴィレッジ山城）,135.848156,34.783322,False
木津川市,神童寺,135.832344,34.765969,False
木津川市,木津川市加茂文化センター（あじさいホール）,135.866033,34.751363,False
木津川市,天神社十三重石塔,135.836687,34.765566,False
木津川市,椿井大塚山古墳,135.817839,34.762111,False
木津川市,相楽神社,135.800197,34.736644,False
木津川市,当尾周辺,135.883568,34.718539,False
木津川市,泉橋寺,135.819462,34.744873,False
木津川市,きっづ光科学館ふぉとん,135.835779,34.713804,False
木津川市,惣墓五輪塔,135.819241,34.734856,False
木津川市,岡田鴨神社,135.876368,34.761554,False
木津川市,高麗寺跡,135.826744,34.74939,False
木津川市,ふるさとミュージアム山城（京都府立山城郷土資料館）,135.833849,34.752307,False
木津川市,大智寺,135.821979,34.741024,False
木津川市,浄瑠璃寺,135.872925,34.715946,False
木津川市,海住山寺,135.861796,34.776886,False
木津川市,法泉寺,135.796006,34.730524,False
木津川市,岩船寺,135.885855,34.72028,False
木津川市,高田寺,135.862091,34.735853,False
木津川市,史跡恭仁宮跡（山城国分寺跡）,135.863028,34.765422,False
木津川市,銭司遺跡,135.888392,34.763877,False
笠置町,笠置寺収蔵庫,135.941679,34.753397,False
笠置町,笠置寺（行場めぐり）,135.941484,34.753517,False
笠置町,笠置カヌースクール,135.928035,34.754499,False
笠置町,料理旅館よしや,135.938576,34.756619,False
笠置町,笠置キャンプ場,135.936157,34.759076,False
笠置町,笠置寺,135.941484,34.753525,False
笠置町,自遊宿　料理旅館松本亭,135.940926,34.753679,False
笠置町,京都府立笠置山自然公園,135.941482,34.753525,False
笠置町,リバーサイド大扇,135.928063,34.762013,False
笠置町,天然わかさぎ温泉　笠置いこいの館（休業中）,135.934225,34.757096,False
和束町,正法寺,135.902913,34.792674,False
和束町,金胎寺,135.909398,34.829242,False
和束町,和束町観光案内所,135.905328,34.796638,False
和束町,鷲峰山,135.90844,34.830462,False
和束町,和束茶カフェ,135.898183,34.796219,False
和束町,安積親王陵墓,135.899204,34.797215,False
和束町,湯船森林公園,135.992107,34.83323,False
和束町,和束天満宮,135.912156,34.807346,False
和束町,京都和束荘,135.896532,34.794659,False
精華町,京都府立けいはんなホール,135.764728,34.745339,False
精華町,お千代・半兵衛の墓,135.791394,34.756502,False
精華町,けいはんなプラザホテル,135.765081,34.745798,False
精華町,けいはんな記念公園,135.772744,34.74822,False
精華町,春日神社,135.793686,34.781579,False
精華町,祝園神社,135.801589,34.768008,False
南山城村,南山城村農林産物直売所,135.991283,34.772684,False
南山城村,夢絃峡（弓ヶ淵）,136.011933,34.758071,False
南山城村,田山生涯学習センター（旧田山小学校）,136.022305,34.737231,False
南山城村,木津川の魚釣り,135.987379,34.770621,False
南山城村,道の駅　お茶の京都　みなみやましろ村,136.024442,34.765175,False
南山城村,やまなみホール,135.992325,34.772389,False
南山城村,高山ダム,136.011102,34.752848,False
南山城村,恋志谷神社,135.98773,34.768427,False
南山城村,春光寺,135.996771,34.773371,False
京都市北区,貴了庵,135.733745,35.03336,False
京都市北区,泉仙　大慈院店,135.744823,35.041803,False
京都市北区,くるっとパーク紫明通,135.753776,35.038461,False
京都市北区,鹿苑寺（金閣寺）,135.729244,35.039381,False
京都市北区,源光庵,135.731709,35.054792,False
京都市北区,建勲神社,135.7432,35.038697,False
京都市北区,大谷大学博物館,135.758911,35.043195,False
京都市北区,ガラシャ/グラススタジオ北やま,135.754437,35.049785,False
京都市北区,島津アリーナ京都（京都府立体育館）,135.728562,35.022866,False
京都市北区,平野神社,135.731986,35.032626,False
京都市北区,等持院,135.723445,35.031556,False
京都市北区,御すぐき處　京都なり田,135.75391,35.05803,False
京都市北区,紫野 Anri,135.748776,35.042331,False
京都市北区,神馬堂,135.751534,35.057985,False
京都市北区,大徳寺精進料理「大徳寺一久」,135.747646,35.041233,False
京都市北区,一和（一文字屋和輔）,135.742779,35.045352,False
京都市北区,大森リゾートキャンプ場,135.700089,35.146674,False
京都市北区,あぶり餅　かざりや,135.742779,35.045194,False
京都市北区,上賀茂手づくり市,135.752927,35.059333,False
京都市北区,志明院,135.709356,35.136092,False
京都市北区,龍源院,135.746148,35.042137,False
京都市北区,手仕事雑貨屋　風土,135.751039,35.040872,False
京都市北区,高桐院,135.743204,35.043172,False
京都市北区,長久堂,135.766823,35.055291,False
京都市北区,しょうざん／染織工芸館・茶花園・体験教室,135.733142,35.049674,False
京都市北区,社家,135.754425,35.057788,False
京都市北区,深泥池,135.768309,35.057771,False
京都市北区,大仙院,135.745952,35.044584,False
京都市北区,大田神社,135.758501,35.05983,False
京都市北区,表千家北山会館,135.761942,35.051269,False
京都市北区,賀茂別雷神社（上賀茂神社）,135.752531,35.059293,False
京都市北区,大宮交通公園,135.743392,35.053348,False
京都市北区,立命館大学国際平和ミュージアム（2021年4月1日～2023年9月までリニューアルのため休館）,135.727344,35.033659,False
京都市北区,梅辻家住宅,135.757217,35.058151,False
京都市北区,高麗美術館,135.750817,35.05436,False
京都市北区,瑞峯院,135.745466,35.042077,False
京都市北区,キャピタル東洋亭本店,135.763483,35.05134,False
京都市北区,正伝寺,135.736924,35.062372,False
京都市北区,大徳寺,135.746032,35.043901,False
京都市北区,四季育む宿　然林房,135.728711,35.054708,False
京都市北区,今宮神社,135.742029,35.046012,False
京都市北区,京都府立堂本印象美術館,135.726063,35.035151,False
京都市北区,ルルソン・キ・ボア,135.765969,35.056837,False
京都市北区,光悦茶家,135.729188,35.054137,False
京都市北区,わら天神宮,135.731627,35.036055,False
京都市北区,常照寺,135.732844,35.055505,False
京都市北区,京象嵌の館　川人象嵌・川人ハンズ,135.723899,35.02606,False
京都市上京区,京都の歴史を学ぶ（平安京の遺跡めぐりなど）,135.749633,35.029953,False
京都市上京区,高津古文化会館,135.734499,35.026635,False
京都市上京区,京都こども文化会館（エンゼルハウス）,135.738299,35.027004,False
京都市上京区,千本釈迦堂（大報恩寺）,135.739812,35.031604,False
京都市上京区,くるっとパーク御所東,135.767265,35.01879,False
京都市上京区,京とうふ藤野,135.734547,35.027672,False
京都市上京区,京やのお昼・甘味処　ShiじMa,135.753878,35.025918,False
京都市上京区,菓遊茶屋,135.751442,35.029955,False
京都市上京区,弓月京店,135.7374,35.030535,False
京都市上京区,近為,135.741916,35.031269,False
京都市上京区,ホテルルビノ京都堀川,135.752421,35.021861,False
京都市上京区,萬亀楼,135.750433,35.022142,False
京都市上京区,京都府立府民ホール（アルティ）,135.758729,35.025444,False
京都市上京区,釘抜地蔵（石像寺）,135.742213,35.033392,False
京都市上京区,京都府立文化芸術会館,135.76885,35.022953,False
京都市上京区,千本ゑんま堂（引接寺）,135.740526,35.035111,False
京都市上京区,京都市出町駐車場,135.770041,35.030287,False
京都市上京区,梨木神社,135.767338,35.02509,False
京都市上京区,御所西 京都平安ホテル,135.758896,35.024437,False
京都市上京区,宝鏡寺（人形の寺）,135.752714,35.034062,False
京都市上京区,西陣くらしの美術館　冨田屋,135.748891,35.027438,False
京都市上京区,天喜,135.742124,35.030612,False
京都市上京区,小宿　布屋,135.753516,35.018206,False
京都市上京区,廬山寺,135.76828,35.024633,False
京都市上京区,御所西あいぜん　西村兄妹キモノ店,135.757603,35.023734,False
京都市上京区,公益財団法人手織技術振興財団　織成舘,135.74541,35.032855,False
京都市上京区,上七軒くろすけ,135.737294,35.030675,False
京都市上京区,虎屋菓寮　京都一条店,135.758525,35.02646,False
京都市上京区,上七軒,135.736726,35.02996,False
京都市上京区,染井,135.767338,35.025091,False
京都市上京区,本法寺,135.752137,35.03502,False
京都市上京区,千本玉壽軒,135.741918,35.030517,False
京都市上京区,相国寺承天閣美術館,135.762612,35.03362,False
京都市上京区,瑞春院,135.760229,35.032223,False
京都市上京区,茶道資料館・今日庵文庫,135.752018,35.03474,False
京都市上京区,あかりデザイン工房,135.736418,35.018771,False
京都市上京区,西陣織会館,135.751678,35.028774,False
京都市上京区,囀市,135.761617,35.036512,False
京都市上京区,長五郎餅本舗,135.738456,35.026573,False
京都市上京区,佐々木酒造株式会社,135.747676,35.018643,False
京都市上京区,京都御所,135.762126,35.025423,False
京都市上京区,京菓子資料館,135.758969,35.032433,False
京都市上京区,鶴屋吉信,135.751441,35.029954,False
京都市上京区,京西陣　菓匠　宗禅,135.745756,35.033991,False
京都市上京区,一条戻り橋,135.751947,35.026289,False
京都市上京区,TAKENOKO　有限会社横山竹材店,135.753706,35.023392,False
京都市上京区,大将軍八神社方徳殿,135.733948,35.026655,False
京都市上京区,天神さんの市,135.735109,35.031135,False
京都市上京区,山田松香木店,135.757859,35.021128,False
京都市上京区,ギャラリー紫織庵,135.745582,35.033254,False
京都市上京区,慈照院,135.759757,35.035304,False
京都市上京区,京の手創り体験,135.751678,35.028775,False
京都市上京区,樂美術館,135.753464,35.025565,False
京都市上京区,ハリス理化学館同志社ギャラリー,135.760981,35.030318,False
京都市上京区,安達くみひも館,135.75857,35.021156,False
京都市上京区,京・西陣　孝太郎の酢,135.755982,35.034312,False
京都市上京区,妙蓮寺,135.750021,35.034638,False
京都市上京区,澤井醤油　本店,135.756453,35.023464,False
京都市上京区,町家写真館,135.748756,35.02772,False
京都市上京区,京漆器・蒔絵　平野,135.741859,35.034364,False
京都市上京区,相国寺,135.762008,35.032558,False
京都市上京区,京都市考古資料館,135.74964,35.029944,False
京都市上京区,京都市歴史資料館,135.767635,35.019172,False
京都市上京区,国定史跡「頼山陽書斎山紫水明處」,135.770843,35.018134,False
京都市上京区,北村美術館,135.770371,35.028036,False
京都市上京区,鳥岩楼,135.746662,35.030976,False
京都市上京区,金剛能楽堂／能・狂言,135.758893,35.02585,False
京都市上京区,北野天満宮,135.735109,35.031135,True
京都市上京区,護王神社,135.758999,35.022205,False
京都市上京区,益富地学会館,135.758653,35.02148,False
京都市上京区,老松　北野店,135.736799,35.030717,False
京都市左京区,鞍馬寺,135.770838,35.117944,False
京都市左京区,鞍馬山霊宝殿,135.769356,35.1183,False
京都市左京区,竹茂楼,135.785168,35.010055,False
京都市左京区,京都国立近代美術館,135.781971,35.012388,False
京都市左京区,圓光寺,135.797088,35.045088,False
京都市左京区,無鄰菴,135.787078,35.011587,False
京都市左京区,京都市武道センター,135.780813,35.017019,False
京都市左京区,妙円寺・松ヶ崎大黒天,135.78552,35.05399,False
京都市左京区,法然院森のセンター,135.796651,35.023327,False
京都市左京区,瓢亭,135.786739,35.011429,False
京都市左京区,六盛,135.779589,35.015796,False
京都市左京区,京都市京セラ美術館（京都市美術館）,135.783571,35.01285,False
京都市左京区,岡崎公園駐車場,135.783505,35.013998,False
京都市左京区,安楽寺,135.796628,35.021582,False
京都市左京区,京都市銀閣寺観光駐車場,135.795066,35.02667,False
京都市左京区,国指定史跡岩倉具視幽棲旧宅,135.783133,35.078446,False
京都市左京区,詩仙堂（丈山寺）,135.796131,35.043735,False
京都市左京区,永観堂（禅林寺）,135.794997,35.014134,False
京都市左京区,下鴨茶寮,135.773981,35.034182,False
京都市左京区,京都市勧業館みやこめっせ,135.780947,35.013039,False
京都市左京区,アートゾーン神楽岡,135.788186,35.024413,False
京都市左京区,ひろや,135.763408,35.122408,False
京都市左京区,京菓子講師倶楽部,135.767721,35.044662,False
京都市左京区,京都工芸繊維大学美術工芸資料館,135.781196,35.049482,False
京都市左京区,京都宿泊所　白河院　庭園,135.787682,35.013958,False
京都市左京区,京都府立陶板名画の庭,135.765442,35.050663,False
京都市左京区,京都府立植物園,135.762736,35.048744,False
京都市左京区,京都コンサートホール,135.766573,35.049972,False
京都市左京区,金地院,135.790415,35.01035,False
京都市左京区,熊野若王子神社,135.796305,35.015763,False
京都市左京区,ガーデンミュージアム比叡,135.829031,35.064731,False
京都市左京区,大原女に変身・着付け体験,135.828932,35.119274,False
京都市左京区,大原工房,135.825326,35.117811,False
京都市左京区,法然院,135.797417,35.023994,False
京都市左京区,大本山南禅寺,135.793259,35.011253,False
京都市左京区,琵琶湖疏水,135.787636,35.012064,False
京都市左京区,百万遍さんの手づくり市,135.780701,35.029876,False
京都市左京区,インクライン,135.791,35.0076,False
京都市左京区,細見美術館,135.779671,35.013873,False
京都市左京区,阿弥陀寺（古知谷）,135.827926,35.138215,False
京都市左京区,京つけもの 大安,135.785045,35.014669,False
京都市左京区,天授庵,135.792287,35.010789,False
京都市左京区,匠斎庵,135.773584,35.114331,False
京都市左京区,平安神宮,135.782427,35.015994,False
京都市左京区,叶 匠壽庵　京都茶室棟,135.795983,35.01581,False
京都市左京区,南禅寺順正,135.79007,35.011302,False
京都市左京区,権兵衛　北山店,135.76884,35.051667,False
京都市左京区,おめん,135.795001,35.026271,False
京都市左京区,茶室古香庵茶の湯体験,135.779637,35.013921,False
京都市左京区,梁山泊,135.777648,35.028396,False
京都市左京区,慈照寺（銀閣寺）,135.798208,35.027032,False
京都市左京区,聖護院,135.78041,35.01918,False
京都市左京区,雍州路,135.773258,35.114126,False
京都市左京区,吉田神社,135.784754,35.025414,False
京都市左京区,井村美術館,135.770856,35.035865,False
京都市左京区,金戒光明寺,135.78802,35.019664,False
京都市左京区,レンタサイクルえむじか出町柳店,135.773203,35.030893,False
京都市左京区,音無しの滝,135.839746,35.120751,False
京都市左京区,安本バイクプール／レンタサイクル,135.772568,35.009598,False
京都市左京区,真如堂（真正極楽寺）,135.789268,35.02146,False
京都市左京区,大原観光保勝会,135.828932,35.119274,False
京都市左京区,京都ハンディクラフトセンター,135.780237,35.017646,False
京都市左京区,聖護院八ッ橋総本店,135.779114,35.018442,False
京都市左京区,京都府立図書館,135.78197,35.012984,False
京都市左京区,宝泉院,135.833983,35.121344,False
京都市左京区,京都ギリシアローマ美術館,135.771489,35.048804,False
京都市左京区,大原温泉,135.833572,35.119393,False
京都市左京区,浄蓮華院,135.836763,35.11884,False
京都市左京区,おみやげぎゃるり　楽楽,135.773651,35.113923,False
京都市左京区,宝が池公園運動施設,135.774284,35.054617,False
京都市左京区,里の駅大原,135.823502,35.114224,False
京都市左京区,花背山村都市交流の森,135.781687,35.219959,False
京都市左京区,kokoka京都市国際交流会館,135.787672,35.010831,False
京都市左京区,京都市野外活動施設「花背山の家」,135.785837,35.172927,False
京都市左京区,一楽（雍州路別館）,135.773369,35.113944,False
京都市左京区,由岐神社,135.771501,35.116258,False
京都市左京区,哲学の道,135.795354,35.026922,True
京都市左京区,南禅会館,135.790686,35.011493,False
京都市左京区,小丸屋住井　深草うちわ・京丸うちわ,135.783214,35.010811,False
京都市左京区,奥の院魔王殿,135.765853,35.121253,False
京都市左京区,重森三玲邸庭園美術館,135.782162,35.024109,False
京都市左京区,渡辺木の芽煮本舗,135.773152,35.113537,False
京都市左京区,来迎院,135.836987,35.118713,False
京都市左京区,花背,135.775708,35.208038,False
京都市左京区,AYANOKOJI　岡崎本店,135.784863,35.015343,False
京都市左京区,南禅院,135.793714,35.010074,False
京都市左京区,無礙光院,135.777267,35.036748,False
京都市左京区,修学院離宮,135.799639,35.053574,False
京都市左京区,曼殊院,135.802943,35.048913,False
京都市左京区,賀茂御祖神社（下鴨神社）,135.773007,35.039196,False
京都市左京区,一乗寺下り松,135.79381,35.043894,False
京都市左京区,金福寺,135.795182,35.042202,False
京都市左京区,狸谷山不動院,135.802337,35.041082,False
京都市左京区,赤山禅院,135.801649,35.056189,False
京都市左京区,土井志ば漬本舗（志ば漬の里）,135.824374,35.101595,False
京都市左京区,もとしろ,135.830189,35.120161,False
京都市左京区,雲母漬老舗「穂野出」,135.794009,35.045468,False
京都市左京区,宝が池公園,135.778921,35.057952,False
京都市左京区,京都府立京都学・歴彩館,135.766882,35.048476,False
京都市左京区,三宅八幡宮,135.794106,35.068359,False
京都市左京区,実相院門跡,135.781507,35.079135,False
京都市左京区,泉屋博古館（住友コレクション）,135.79279,35.017611,False
京都市左京区,貴船神社,135.762964,35.121962,False
京都市左京区,京都市動物園,135.786113,35.012695,False
京都市左京区,株式会社川島織物セルコン　川島織物文化館,135.759429,35.085889,False
京都市左京区,圓通寺,135.768485,35.06441,False
京都市左京区,妙満寺,135.774592,35.067615,False
京都市左京区,京都観世会館／能・狂言,135.781499,35.011312,False
京都市左京区,京都徳力版画館,135.775142,35.016352,False
京都市左京区,開晴亭,135.767731,35.051153,False
京都市左京区,京都大学総合博物館,135.779226,35.027257,False
京都市左京区,蓮華寺,135.800017,35.064072,False
京都市左京区,三千院,135.834337,35.119711,False
京都市左京区,勝林院,135.834564,35.121532,False
京都市左京区,実光院,135.833958,35.120583,False
京都市左京区,旅館八千代,135.788898,35.011016,False
京都市左京区,寂光院,135.821046,35.124111,False
京都市左京区,藤井斉成会有鄰館,135.781271,35.011714,False
京都市左京区,芹生,135.833554,35.119398,False
京都市左京区,琵琶湖疏水記念館,135.788207,35.011952,False
京都市左京区,京都伝統産業ミュージアム,135.780961,35.013061,False
京都市左京区,野村美術館,135.79335,35.012929,False
京都市左京区,山ばな平八茶屋,135.791091,35.054045,False
京都市左京区,糺ノ森,135.772078,35.035768,False
京都市左京区,京都市百井青少年村,135.802002,35.161883,False
京都市左京区,小町寺（補陀洛寺）,135.761813,35.085396,False
京都市左京区,野仏庵,135.797235,35.044301,False
京都市左京区,京都民芸資料館,135.777761,35.071528,False
京都市左京区,白沙村荘橋本関雪記念館,135.793701,35.027326,False
京都市左京区,京都造形芸術大学芸術館,135.79227,35.037429,False
京都市左京区,加茂みたらし茶屋,135.770752,35.039732,False
京都市左京区,菊水,135.789206,35.010461,False
京都市左京区,京の鳥どころ八起庵本店,135.772465,35.017822,False
京都市中京区,壬生温泉　はなの湯,135.742549,34.999628,False
京都市中京区,六角堂（紫雲山頂法寺）,135.760254,35.007665,False
京都市中京区,井筒八ッ橋本舗　京極一番街－南錦小路－,135.766664,35.004085,False
京都市中京区,小川家住宅（二條陣屋）,135.7485,35.010362,False
京都市中京区,二条城駐車場,135.751458,35.013259,False
京都市中京区,本能寺,135.768319,35.010297,False
京都市中京区,古典の日記念　京都市平安京創生館,135.738312,35.01894,False
京都市中京区,京都鶴屋　鶴壽庵,135.744304,35.002273,False
京都市中京区,石長松菊園,135.770152,35.015383,False
京都市中京区,豆水楼　木屋町店,135.771126,35.010298,False
京都市中京区,お宿いしちょう,135.770277,35.015702,False
京都市中京区,百足屋本店,135.756573,35.005667,False
京都市中京区,新選組　壬生屯所遺跡（八木家）,135.744045,35.002251,False
京都市中京区,花遊小路江戸川,135.76782,35.004055,False
京都市中京区,本家尾張屋,135.760122,35.012804,False
京都市中京区,めなみ,135.770556,35.009202,False
京都市中京区,雪梅花　菜根譚,135.763922,35.006614,False
京都市中京区,三嶋亭,135.767058,35.008441,False
京都市中京区,京料理　にしむら,135.762328,35.007505,False
京都市中京区,丸太町十二段家,135.758557,35.017259,False
京都市中京区,八幡さんのおもしろ市,135.762641,35.010519,False
京都市中京区,イノダコーヒ本店,135.763056,35.008188,False
京都市中京区,花園大学歴史博物館,135.726518,35.017223,False
京都市中京区,新京極,135.767249,35.005785,False
京都市中京区,京都伝統工芸館,135.759408,35.009034,False
京都市中京区,神泉苑（真言宗寺院）,135.7481,35.011528,False
京都市中京区,くろちく天正館　木目込体験コーナー,135.756399,35.005775,False
京都市中京区,四条河原町,135.769306,35.003781,False
京都市中京区,o・mo・ya　東洞院,135.760746,35.006429,False
京都市中京区,ギャラリーマロニエ,135.769455,35.005559,False
京都市中京区,和詩倶楽部,135.753297,35.014172,False
京都市中京区,三条大橋,135.77179,35.009049,False
京都市中京区,京都便利堂（本店仮店舗）,135.756439,35.015439,False
京都市中京区,高瀬川（一之船入跡）,135.77047,35.012336,False
京都市中京区,御池地下駐車場,135.766589,35.010873,False
京都市中京区,錦市場,135.766809,35.005109,True
京都市中京区,元離宮二条城　特別名勝二の丸庭園,135.748221,35.014239,False
京都市中京区,島津製作所 創業記念資料館,135.770242,35.012903,False
京都市中京区,大西清右衛門美術館,135.755757,35.008379,False
京都市中京区,先斗町,135.77113,35.005104,False
京都市中京区,spa TRINITE,135.759345,35.007989,False
京都市中京区,壬生寺歴史資料室,135.743964,35.001662,False
京都市中京区,京菓子司よし廣,135.738745,35.010324,False
京都市中京区,壬生寺,135.743326,35.00165,False
京都市中京区,わくわく館（ワックジャパン）,135.762587,35.014538,False
京都市中京区,堀野記念館,135.763087,35.01409,False
京都市中京区,フレンチレストラン　シェモア,135.766186,35.011242,False
京都市中京区,京友禅体験工房丸益西村屋,135.754316,35.010477,False
京都市中京区,香老舗　林龍昇堂,135.752867,35.00864,False
京都市中京区,永楽屋室町店,135.757924,35.006304,False
京都市中京区,まんざら本店,135.769109,35.015236,False
京都市中京区,元離宮二条城,135.748221,35.014239,False
京都市中京区,座辺の骨董　幾一里,135.744414,35.006786,False
京都市中京区,晦庵　河道屋,135.765655,35.009629,False
京都市中京区,まんざら亭　NISHIKI,135.75916,35.005026,False
京都市中京区,本家重兵衛,135.75882,35.004865,False
京都市中京区,京都万華鏡ミュージアム姉小路館,135.761687,35.009751,False
京都市中京区,セカンドハウス東洞院店,135.761007,35.006433,False
京都市中京区,京都絞り工芸館,135.753701,35.010123,False
京都市中京区,鈴木一染織コレクション,135.757932,35.017274,False
京都市中京区,大極殿本舗　六角店　甘味処「栖園」,135.763008,35.007261,False
京都市中京区,大江能楽堂／能・狂言,135.764365,35.012015,False
京都市中京区,クラフトやまむら,135.749299,35.010257,False
京都市中京区,たん熊　北店,135.770061,35.005195,False
京都市中京区,マダム紅蘭,135.767491,35.017597,False
京都市中京区,料理旅館・天ぷら　吉川,135.764928,35.010372,False
京都市中京区,永楽屋　細辻伊兵衛商店　本店,135.758132,35.009274,False
京都市中京区,京料理　梅むら,135.770996,35.01035,False
京都市中京区,中華菜家　一品香,135.77104,35.004484,False
京都市中京区,いけばな資料館,135.76006,35.008049,False
京都市中京区,うれしなつ菓子　格子家,135.74896,35.011702,False
京都市中京区,京都生活工藝館「無名舎」,135.756413,35.006581,False
京都市中京区,ハートプラザKYOTO三条,135.768132,35.008651,False
京都市中京区,長谷川松寿堂,135.762745,35.008729,False
京都市中京区,黄桜　祥風楼,135.76995,35.004374,False
京都市中京区,先斗町いづもや,135.771162,35.00408,False
京都市中京区,とん漫,135.765266,35.009627,False
京都市中京区,京都文化博物館,135.762249,35.008798,False
京都市中京区,京都国際マンガミュージアム,135.759309,35.011917,False
京都市中京区,金属工芸工房　竹影堂,135.765622,35.012054,False
京都市中京区,本家　船はしや,135.771119,35.009101,False
京都市中京区,ついぶ京都工房,135.765942,35.012205,False
京都市中京区,株式会社鼓月　本店,135.738439,35.01589,False
京都市中京区,香老舗 松栄堂　京都本店,135.759809,35.014216,False
京都市中京区,膳處漢ぽっちり,135.757423,35.005007,False
京都市中京区,くろちく天正館,135.756384,35.005775,False
京都市中京区,錦の水,135.767387,35.005022,False
京都市中京区,御霊水,135.767809,35.017186,False
京都市中京区,永楽屋本店,135.769528,35.004169,False
京都市中京区,懐石・宿　近又,135.766286,35.004732,False
京都市中京区,アートコンプレックス1928,135.766516,35.008482,False
京都市中京区,香老舗 松栄堂　薫習館,135.759809,35.014218,False
京都市中京区,京都さがの館　京都四条本店（京あるき）,135.758216,35.004247,False
京都市中京区,黒豆茶庵　北尾　錦店,135.765122,35.005142,False
京都市中京区,染・清流館,135.758164,35.005591,False
京都市中京区,ヴィアイン京都四条室町,135.757959,35.005572,False
京都市中京区,先斗町歌舞練場,135.771279,35.008052,False
京都市中京区,松彌,135.768104,35.013852,False
京都市中京区,炭火焼鳥　串くら本店,135.762261,35.011374,False
京都市中京区,桔梗寿司,135.753353,35.017118,False
京都市中京区,omo cafe,135.765425,35.005291,False
京都市中京区,亀甲屋,135.762532,35.010312,False
京都市中京区,京都一の傅　本店,135.764108,35.00604,False
京都市中京区,京うちわ　阿以波,135.763911,35.006482,False
京都市東山区,泉涌寺,135.781281,34.978138,False
京都市東山区,知恩院,135.782379,35.005422,False
京都市東山区,ぶぶ家,135.777296,35.004327,False
京都市東山区,高台寺「掌美術館」,135.779784,35.00058,False
京都市東山区,甘春堂東店,135.770671,34.991912,False
京都市東山区,ゑびす神社,135.771731,34.999869,False
京都市東山区,京漬物・ニシダや,135.774379,34.985255,False
京都市東山区,京都さがの館　京都祇園店（京あるき）,135.777519,34.99945,False
京都市東山区,森陶器館,135.781708,34.995896,False
京都市東山区,川勝總本家　清水参道店,135.781862,34.995615,False
京都市東山区,今熊野観音寺,135.781184,34.979834,False
京都市東山区,川勝總本家　高台寺二年坂店,135.780148,34.99917,False
京都市東山区,南座,135.772335,35.003496,False
京都市東山区,青蓮院門跡,135.783146,35.007463,False
京都市東山区,即成院,135.777316,34.98168,False
京都市東山区,円山公園,135.780918,35.00389,False
京都市東山区,五大堂同聚院,135.772433,34.978555,False
京都市東山区,スコルピオーネ祇園,135.775346,35.005418,False
京都市東山区,霊山観音,135.781919,34.999909,False
京都市東山区,白碗竹カイ樓,135.773556,35.00592,False
京都市東山区,法住寺,135.772668,34.987474,False
京都市東山区,ウェスティン都ホテル京都,135.787925,35.008817,False
京都市東山区,八坂の塔（法観寺）,135.779235,34.998587,False
京都市東山区,吉水園,135.783017,35.008992,False
京都市東山区,ぎをん梅の井　陶泉房,135.778845,35.004882,False
京都市東山区,京都東山荘,135.77901,34.997335,False
京都市東山区,五条大橋,135.766951,34.995825,False
京都市東山区,京料理　道楽,135.769011,34.991755,False
京都市東山区,智積院,135.776398,34.988097,False
京都市東山区,豊国さんのおもしろ市,135.772495,34.99157,False
京都市東山区,長楽館,135.780237,35.00312,False
京都市東山区,並河靖之七宝記念館,135.781376,35.009985,False
京都市東山区,豊国神社宝物館,135.772503,34.991099,False
京都市東山区,清水三年坂美術館,135.781142,34.997423,False
京都市東山区,今井半念珠店,135.770129,34.991156,False
京都市東山区,大本山東福寺,135.774367,34.97662,False
京都市東山区,総本家にしんそば松葉,135.77224,35.003715,False
京都市東山区,総本家ゆどうふ奥丹清水,135.780701,34.997829,False
京都市東山区,子安の塔,135.784963,34.992933,False
京都市東山区,漢検 漢字博物館・図書館（漢字ミュージアム）,135.776622,35.003477,False
京都市東山区,石塀小路,135.779809,35.000055,False
京都市東山区,半兵衛麸,135.768634,34.99504,False
京都市東山区,悲田院,135.776889,34.979408,False
京都市東山区,井伊美術館（旧中村甲刀修史館）,135.775502,35.0001,False
京都市東山区,八坂神社,135.778553,35.003666,False
京都市東山区,天得院,135.772337,34.976736,False
京都市東山区,智積院会館,135.775019,34.987754,False
京都市東山区,芬陀院（雪舟寺）,135.772079,34.976283,False
京都市東山区,長楽寺,135.783527,35.002582,False
京都市東山区,永楽屋　細辻伊兵衛商店　祇園店,135.773389,35.003965,False
京都市東山区,高台寺,135.781113,35.000778,False
京都市東山区,株式会社七條甘春堂　且坐喫茶,135.770832,34.989422,False
京都市東山区,清水寺,135.785048,34.994868,False
京都市東山区,霊雲院,135.771705,34.978352,False
京都市東山区,京都霊山護國神社,135.782923,34.999997,False
京都市東山区,藤平陶芸有限会社,135.775808,34.994526,False
京都市東山区,いもぼう平野家本家,135.779697,35.004429,False
京都市東山区,ぎおん畑中,135.778888,35.002349,False
京都市東山区,来迎院,135.780646,34.979019,False
京都市東山区,知恩院和順会館　花水庵,135.780369,35.004571,False
京都市東山区,茶寮都路里,135.774495,35.003706,False
京都市東山区,京都和心館（ワックジャパン）,135.771084,34.990745,False
京都市東山区,いづう,135.774514,35.004851,False
京都市東山区,レンタサイクルえむじか祇園店,135.771604,35.001656,False
京都市東山区,権兵衛,135.774309,35.004154,False
京都市東山区,天竺　広東倶楽部,135.774845,35.004116,False
京都市東山区,養源院,135.773624,34.987904,False
京都市東山区,山口　西店,135.774614,35.005339,False
京都市東山区,河井寛次郎記念館,135.774374,34.993573,False
京都市東山区,AYANOKOJI　祇園店,135.776962,35.002868,False
京都市東山区,壱銭洋食の店,135.773187,35.004048,False
京都市東山区,光明院,135.773769,34.974111,False
京都市東山区,産寧坂,135.780877,34.996366,False
京都市東山区,神宮道　波多野,135.782637,35.009835,False
京都市東山区,二年坂,135.780841,34.998128,False
京都市東山区,ぎをん小森,135.774572,35.005858,False
京都市東山区,洛東遺芳館,135.768326,34.993796,False
京都市東山区,やげんぼり花見小路店,135.774824,35.003349,False
京都市東山区,京都祇園らんぷ美術館,135.777297,35.00327,False
京都市東山区,建仁寺,135.77374,35.001059,False
京都市東山区,地主神社,135.785001,34.99509,False
京都市東山区,甘春堂本店,135.767959,34.991727,False
京都市東山区,京都市鴨東駐車場,135.772441,35.004267,False
京都市東山区,鍵善良房本店,135.774747,35.004093,False
京都市東山区,京都市円山駐車場,135.778074,35.004403,False
京都市東山区,北座ぎをん思いで博物館,135.772355,35.004478,False
京都市東山区,京都市清水坂観光駐車場,135.779572,34.996147,False
京都市東山区,祇園の御神水,135.778555,35.003666,False
京都市東山区,雲龍院,135.78013,34.977163,False
京都市東山区,音羽の滝,135.785262,34.99444,False
京都市東山区,六波羅蜜寺,135.773353,34.997115,False
京都市東山区,亀屋清永,135.776935,35.003046,False
京都市東山区,そば菓子処澤正・そば茶寮,135.777477,34.982777,False
京都市東山区,扇や　半げしょう,135.770443,34.996652,False
京都市東山区,高台寺一休庵,135.77939,34.999515,False
京都市東山区,有喜屋　清水吉晴庵,135.781086,34.997338,False
京都市東山区,何必館・京都現代美術館,135.775448,35.004207,False
京都市東山区,祇をん新門荘,135.775168,35.006468,False
京都市東山区,京都国立博物館,135.773117,34.989999,False
京都市東山区,三十三間堂,135.771713,34.987895,False
京都市東山区,妙法院門跡,135.775329,34.99031,False
京都市東山区,近藤悠三記念館　柳水（1階）、念々洞（2階）,135.782218,34.994944,False
京都市東山区,キエフ,135.772811,35.004282,False
京都市東山区,菊乃井,135.782057,35.001486,False
京都市東山区,ガラスの部屋（休館中）,135.776147,35.000046,False
京都市東山区,金比羅絵馬館（休館中）,135.776147,35.000046,False
京都市東山区,京都国際工芸センター　WAZAGU,135.775776,35.004143,False
京都市東山区,祇園,135.777401,35.003832,False
京都市東山区,京焼　陶あん,135.77482,34.980164,False
京都市東山区,幕末維新ミュージアム「霊山歴史館」,135.782599,34.999018,False
京都市東山区,豊国神社,135.772099,34.991452,False
京都市東山区,かさぎ屋,135.780803,34.998117,False
京都市東山区,六波羅蜜寺宝物館,135.773355,34.997113,False
京都市東山区,七味家本舗,135.780782,34.996316,False
京都市東山区,方広寺,135.772101,34.992202,False
京都市東山区,わらじや,135.770423,34.989411,False
京都市東山区,堀尾竹荘,135.776494,34.996087,False
京都市東山区,高台寺 一念坂　金網つじ,135.780397,34.999102,False
京都市山科区,洛東タクシー,135.811275,34.978668,False
京都市山科区,コトブキ陶春,135.792574,34.978371,False
京都市山科区,瑞香　加島,135.79547,34.979671,False
京都市山科区,川崎大師　京都別院　笠原寺,135.828176,34.970233,False
京都市山科区,清水焼の郷会館,135.794248,34.979422,False
京都市山科区,株式会社御池,135.795924,34.979435,False
京都市山科区,疏水公園,135.818943,34.997093,False
京都市山科区,毘沙門堂,135.818806,35.001311,False
京都市山科区,天智天皇陵,135.807003,34.997396,False
京都市山科区,大石神社,135.795715,34.970217,False
京都市山科区,勧修寺,135.807425,34.961738,False
京都市山科区,隨心院,135.816562,34.959335,False
京都市山科区,京の田舎民具資料館,135.836061,34.984718,False
京都市山科区,一燈園資料館「香倉院」,135.827938,34.994927,False
京都市下京区,福寿園京都本店,135.764816,35.003545,False
京都市下京区,田ごと,135.768297,35.003992,False
京都市下京区,天之真名井,135.764662,34.993936,False
京都市下京区,京都総合観光案内所　京なび,135.758267,34.985681,False
京都市下京区,亀屋良長,135.752977,35.003781,False
京都市下京区,京都タワー,135.759218,34.987554,False
京都市下京区,京風宮廷タイ料理　佛沙羅館,135.769103,34.999764,False
京都市下京区,角屋もてなしの文化美術館,135.74316,34.992148,False
京都市下京区,田中長奈良漬店,135.758808,35.002312,False
京都市下京区,亀屋陸奥,135.753344,34.989416,False
京都市下京区,ひと・まち交流館　京都,135.76511,34.993257,False
京都市下京区,鴨川畔　佐々木,135.769212,35.000077,False
京都市下京区,ブリキのおもちゃと人形博物館（TIN TOYS & DOLL MUSEUM）,135.753084,35.003524,False
京都市下京区,京都タワーホテル,135.759218,34.987551,False
京都市下京区,志る幸,135.77,35.00426,False
京都市下京区,十四春旅館,135.758695,34.998427,False
京都市下京区,京都鉄道博物館,135.742845,34.986975,False
京都市下京区,明日香,135.74508,34.991267,False
京都市下京区,東本願寺（真宗本廟）,135.758483,34.991038,False
京都市下京区,ホテル日航プリンセス京都,135.760768,35.000478,False
京都市下京区,風俗博物館,135.753341,34.992973,False
京都市下京区,龍谷大学　大宮学舎,135.749967,34.98986,False
京都市下京区,京菓匠 笹屋伊織,135.748551,34.989005,False
京都市下京区,美好園茶舗,135.753626,34.99229,False
京都市下京区,梅小路公園,135.745334,34.986638,False
京都市下京区,JR京都駅新幹線八条口デリバリーサービス,135.760294,34.984515,False
京都市下京区,Crosta京都（荷物預かり所・キャリーサービス）,135.758765,34.985882,False
京都市下京区,竹笹堂,135.755692,35.002932,False
京都市下京区,美術館「えき」KYOTO,135.758784,34.98585,False
京都市下京区,KCIギャラリー,135.732952,34.982795,False
京都市下京区,本願寺（西本願寺）,135.751737,34.991748,False
京都市下京区,川勝總本家　本店,135.748991,34.998049,False
京都市下京区,鉄道案内所,135.757724,34.985434,False
京都市下京区,梅小路公園　大型バス駐車場,135.743078,34.988048,False
京都市下京区,東華菜館,135.77104,35.003667,False
京都市下京区,京都水族館,135.747331,34.98734,False
京都市下京区,鳥彌三,135.770318,35.002047,False
京都市下京区,公益財団法人京都府国際センター,135.760716,34.986456,False
京都市下京区,森田和紙　倭紙の店,135.76131,35.001708,False
京都市下京区,梅小路公園手づくり市,135.744367,34.987048,False
京都市下京区,ちもと,135.770954,35.00339,False
京都市下京区,梅小路公園　おもいやり駐車場,135.742234,34.987517,False
京都市下京区,京扇堂,135.761192,34.991861,False
京都市下京区,COCON KARASUMA　古今烏丸,135.759222,35.00307,False
京都市下京区,イワイサイクル木津屋橋店,135.74949,34.987369,False
京都市下京区,京湯元　ハトヤ瑞鳳閣,135.755003,34.986876,False
京都市下京区,京都駅ビルインフォメーション,135.758782,34.985848,False
京都市下京区,渉成園（枳殼邸）,135.763238,34.991407,False
京都市下京区,SUNRISE TOURS JTB,135.760418,34.983792,False
京都市下京区,すし岩（すし割烹会席）,135.761785,34.990263,False
京都市下京区,オムロンコミュニケーションプラザ,135.753932,34.986912,False
京都市下京区,秦家住宅,135.753602,35.001102,False
京都市下京区,ホテルグランヴィア京都,135.759783,34.986005,False
京都市下京区,京都市学校歴史博物館,135.766217,35.000685,False
京都市下京区,京都　東急ホテル,135.751662,34.995129,False
京都市下京区,正行院（猿寺）,135.762115,34.986607,False
京都市下京区,杉本家住宅,135.755839,35.002546,False
京都市下京区,株式会社若林佛具製作所,135.757343,34.98912,False
京都市下京区,薫玉堂,135.75334,34.991711,False
京都市下京区,京都劇場,135.760316,34.986077,False
京都市下京区,みやこばし　すす竹（箸）（市原平兵衞商店）,135.763421,35.002952,False
京都市下京区,五明金箔工芸,135.756439,34.991226,False
京都市南区,京都駅八条口駐車場,135.760202,34.983287,False
京都市南区,ホテルセントノーム京都,135.762396,34.98394,False
京都市南区,京湯葉　湯葉に,135.741275,34.977263,False
京都市南区,京都市市民防災センター,135.746482,34.973793,False
京都市南区,観智院,135.747879,34.982788,False
京都市南区,教王護国寺（東寺）,135.747786,34.980607,False
京都市南区,京都市健康増進センター　ヘルスピア21,135.747066,34.976789,False
京都市南区,京都アバンティ,135.760181,34.983537,False
京都市南区,京都東寺骨董市,135.747786,34.980607,False
京都市南区,京都府スポーツセンター　スポーツ医・科学室,135.755954,34.977477,False
京都市南区,京都テルサ（京都府民総合交流プラザ）,135.755954,34.977479,False
京都市南区,奥谷組社寺建築展示資料館,135.723692,34.984612,False
京都市南区,弘法さんの市,135.747617,34.98121,False
京都市右京区,博物館さがの人形の家,135.668763,35.024195,False
京都市右京区,さがの温泉　天山の湯,135.693217,35.0139,False
京都市右京区,常寂光寺,135.668673,35.019656,False
京都市右京区,京都アクアリーナ,135.715377,34.989888,False
京都市右京区,扇子司　伊藤常,135.677762,35.014638,False
京都市右京区,仁和寺御室会館,135.715356,35.028692,False
京都市右京区,二尊院,135.669549,35.021795,False
京都市右京区,嵐山駅はんなり・ほっこりスクエア,135.677714,35.015232,False
京都市右京区,龍安寺,135.718285,35.034494,False
京都市右京区,もみぢ家,135.673771,35.055696,False
京都市右京区,祇王寺,135.66682,35.0235,False
京都市右京区,川勝總本家　嵐山店,135.677337,35.014686,False
京都市右京区,滝口寺,135.666553,35.023028,False
京都市右京区,京つけもの もり　本社工場・本社三条店,135.705003,35.013706,False
京都市右京区,あだし野念仏寺,135.664513,35.026784,False
京都市右京区,羽田酒造有限会社,135.631867,35.157989,False
京都市右京区,宝篋院,135.673574,35.022524,False
京都市右京区,清凉寺,135.674289,35.023509,False
京都市右京区,嵯峨嵐山文華館,135.673808,35.013742,False
京都市右京区,神護寺,135.670867,35.055036,False
京都市右京区,大本山妙心寺,135.720186,35.023175,False
京都市右京区,京都市嵐山観光駐車場,135.679762,35.014292,False
京都市右京区,天翔の湯大門,135.72653,34.989156,False
京都市右京区,落柿舎,135.670889,35.020513,False
京都市右京区,東映太秦映画村「エヴァンゲリオン京都基地」,135.708626,35.016811,False
京都市右京区,金唐革・ステンドグラス工房「チェリ　デザイン」,135.708393,35.01186,False
京都市右京区,19世紀ホール,135.680643,35.018398,False
京都市右京区,梅宮大社,135.694907,35.004152,False
京都市右京区,妙心寺 退蔵院,135.719224,35.021874,False
京都市右京区,仁和寺,135.713818,35.031102,False
京都市右京区,嵐山-高雄パークウエイ,135.675509,35.053893,False
京都市右京区,西院春日神社,135.729657,35.005029,False
京都市右京区,八つ橋庵　かけはし,135.712239,34.996764,False
京都市右京区,法金剛院,135.715992,35.019151,False
京都市右京区,嵐山温泉「駅の足湯」,135.678121,35.015333,False
京都市右京区,念佛寺,135.723584,35.008454,False
京都市右京区,源光寺,135.704785,35.019041,False
京都市右京区,大覚寺,135.677746,35.028248,False
京都市右京区,甘春堂嵯峨野店,135.676279,35.022938,False
京都市右京区,錦,135.679496,35.011935,True
京都市右京区,京都嵐山　嵐丼,135.677714,35.015233,False
京都市右京区,京都吉兆　嵐山本店,135.674649,35.013647,False
京都市右京区,京都市宇多野ユースホステル,135.699367,35.026994,False
京都市右京区,萬長,135.71978,35.026042,False
京都市右京区,嵐山保勝会,135.677293,35.014752,False
京都市右京区,福徳寺,135.640737,35.193551,False
京都市右京区,京北ふれあい朝市,135.633495,35.155091,False
京都市右京区,宇津峡公園,135.573815,35.144586,False
京都市右京区,らんぶらレンタサイクル,135.677623,35.015098,False
京都市右京区,京都市高雄観光駐車場,135.679214,35.060549,False
京都市右京区,トロッコおじさんのレンタサイクル　トロッコ嵯峨店,135.679661,35.018582,False
京都市右京区,蚕の社（木嶋坐天照御魂神社）,135.713533,35.014868,False
京都市右京区,武将体験　時代劇の高津商会,135.703834,35.014839,False
京都市右京区,常照皇寺,135.685366,35.200915,False
京都市右京区,栗尾峠,135.64034,35.133615,False
京都市右京区,車折神社,135.688948,35.016084,False
京都市右京区,大本山天龍寺　篩月,135.673657,35.015106,False
京都市右京区,京都市嵯峨鳥居本町並み保存館,135.663914,35.027793,False
京都市右京区,大河内山荘庭園,135.669363,35.017249,False
京都市右京区,茶房竹林の里,135.71931,35.032206,False
京都市右京区,広隆寺,135.707311,35.014348,False
京都市右京区,東林院,135.722279,35.022934,False
京都市右京区,了徳寺,135.706334,35.0296,False
京都市右京区,株式会社竹定商店,135.70567,35.014375,False
京都市右京区,中嶋象嵌,135.677974,35.019889,False
京都市右京区,月輪寺,135.645164,35.058398,False
京都市右京区,公益財団法人陽明文庫,135.709863,35.031165,False
京都市右京区,桂春院,135.722415,35.02483,False
京都市右京区,本家桜もち琴きき茶屋,135.677678,35.013716,False
京都市右京区,嵯峨豆腐森嘉,135.675268,35.022867,False
京都市右京区,あうる京北（京都府立ゼミナールハウス）,135.634342,35.199388,False
京都市右京区,ゆどうふ竹仙,135.674785,35.023336,False
京都市右京区,鮎の宿つたや,135.662634,35.028262,False
京都市右京区,大沢池,135.680388,35.028237,False
京都市右京区,広沢池,135.690358,35.026921,False
京都市右京区,清凉寺（嵯峨釈迦堂）霊宝館,135.674289,35.023507,False
京都市右京区,愛宕山・愛宕神社,135.634443,35.059892,False
京都市右京区,愛宕念仏寺,135.661108,35.031403,False
京都市右京区,広隆寺霊宝殿,135.707329,35.015531,False
京都市右京区,妙心寺大衆禅堂,135.721203,35.021241,False
京都市右京区,西明寺,135.674869,35.057248,False
京都市右京区,ジオラマ京都JAPAN（鉄道ミュージアム）,135.680293,35.018612,False
京都市右京区,仁和寺霊宝館,135.71439,35.029302,False
京都市右京区,高山寺,135.678454,35.060564,False
京都市右京区,西京極総合運動公園,135.71555,34.992652,False
京都市右京区,東映太秦映画村,135.708625,35.016815,False
京都市右京区,鹿王院,135.684588,35.016688,False
京都市右京区,天龍寺,135.673749,35.01566,False
京都市右京区,東映太秦映画村「映画文化館」,135.708626,35.016812,False
京都市右京区,嵐峡めぐり,135.674813,35.013206,False
京都市右京区,京都嵐山オルゴール博物館,135.676188,35.018585,False
京都市右京区,上桂川の魚釣り,135.638232,35.145841,False
京都市右京区,老松　嵐山店,135.676618,35.017254,False
京都市右京区,レンタサイクル京都,135.677925,35.013864,False
京都市右京区,ホテルビナリオ嵯峨嵐山,135.682343,35.018377,False
京都市右京区,京都市京北森林公園,135.660919,35.182639,False
京都市右京区,嵯峨美術大学・嵯峨美術短期大学附属博物館,135.689325,35.012648,False
京都市右京区,ローケツ染・職人体験やまもと,135.713324,34.999196,False
京都市右京区,龍安寺「西源院」,135.717924,35.033875,False
京都市右京区,八つ橋庵とししゅうやかた,135.709051,34.998244,False
京都市右京区,栗山工房,135.698363,35.036147,False
京都市右京区,あだしのまゆ村,135.666188,35.026476,False
京都市右京区,西山艸堂,135.676998,35.015326,False
京都市右京区,道の駅ウッディー京北,135.633213,35.156129,False
京都市右京区,ぶらり嵐山,135.677181,35.016757,False
京都市右京区,京北運動公園,135.662216,35.182457,False
京都市右京区,お寺のホテル 花園会館,135.722076,35.021332,False
京都市右京区,鮎茶屋平野屋,135.662357,35.028497,False
京都市右京区,蓮華寺,135.715625,35.029392,False
京都市右京区,山國神社,135.655485,35.173002,False
京都市右京区,亀山公園,135.671732,35.014445,False
京都市右京区,中道寺,135.643333,35.203552,False
京都市右京区,八丁渓谷,135.71394,35.252646,False
京都市右京区,臨川寺,135.679227,35.015002,False
京都市右京区,祖父谷,135.699058,35.177212,False
京都市右京区,滝又滝,135.657978,35.130246,False
京都市右京区,周山城址,135.626682,35.15724,False
京都市右京区,渡月橋,135.677805,35.01339,True
京都市右京区,中ノ島公園,135.67802,35.012134,False
京都市右京区,野宮神社,135.674227,35.017841,False
京都市西京区,松尾大社　亀の市,135.685506,35.000345,False
京都市西京区,阪急レンタサイクル嵐山,135.680984,35.010638,False
京都市西京区,千弥農園,135.660136,34.967719,False
京都市西京区,松尾大社,135.685506,35.000345,False
京都市西京区,嵐山温泉,135.678655,35.010478,False
京都市西京区,鈴虫寺（華厳寺）,135.684856,34.993605,False
京都市西京区,西芳寺（苔寺）,135.683712,34.992181,False
京都市西京区,地蔵院（竹の寺）,135.686027,34.990432,False
京都市西京区,正法寺,135.655524,34.956906,False
京都市西京区,桂離宮,135.709572,34.984002,False
京都市西京区,ホテル京都エミナース,135.675728,34.964479,False
京都市西京区,青山音楽記念館（バロックザール）,135.691903,34.990813,False
京都市西京区,夢アトリエ,135.684646,35.009746,False
京都市西京区,大原野神社,135.656254,34.960277,False
京都市西京区,田畑ランプ館,135.692318,34.984267,False
京都市西京区,勝持寺（花の寺）,135.651674,34.96071,False
京都市西京区,京都花鳥館,135.686852,34.99584,False
京都市西京区,金蔵寺,135.641169,34.954978,False
京都市西京区,十輪寺,135.657308,34.944479,False
京都市西京区,善峯寺,135.64447,34.938112,False
京都市西京区,桂坂野鳥遊園,135.665606,34.989049,False
京都市西京区,三鈷寺,135.645071,34.940337,False
京都市西京区,松尾大社お酒の資料館,135.686093,34.999985,False
京都市西京区,京都市立芸術大学芸術資料館,135.663772,34.974452,False
京都市西京区,中村軒,135.711562,34.982957,False
京都市西京区,京都市洛西竹林公園,135.686975,34.959123,False
京都市西京区,うお嘉,135.67436,34.953815,False
京都市西京区,筍亭,135.682561,34.973954,False
京都市西京区,善峯寺文殊寺宝館,135.644535,34.938125,False
京都市西京区,亀の井,135.684792,35.000186,False
京都市西京区,京都桂温泉　仁左衛門の湯,135.687912,34.975834,False
京都市西京区,嵐山モンキーパーク,135.676687,35.011346,False
京都市西京区,染匠よしかわ,135.686742,34.998508,False
京都市西京区,法輪寺,135.677464,35.010123,False
京都市伏見区,茶房竹聲,135.769951,34.948344,False
京都市伏見区,京都府総合見本市会館（京都パルスプラザ）,135.750901,34.947342,False
京都市伏見区,京都市南部クリーンセンター環境学習施設　さすてな京都,135.734878,34.917907,False
京都市伏見区,京都市青少年科学センター,135.766793,34.955771,False
京都市伏見区,特定非営利活動法人伏見観光協会,135.761248,34.929769,False
京都市伏見区,くるっとパーク伏見今町,135.761777,34.935453,False
京都市伏見区,雨月茶屋,135.818267,34.951049,False
京都市伏見区,黄桜記念館（お酒の資料館）・河童資料館,135.760224,34.930725,False
京都市伏見区,京都教育大学教育資料館（まなびの森ミュージアム）,135.774373,34.948759,False
京都市伏見区,伏見稲荷大社,135.772672,34.967149,True
京都市伏見区,乃木神社,135.776487,34.93227,False
京都市伏見区,石峰寺,135.775105,34.964735,False
京都市伏見区,森林総合研究所関西支所　森の展示館,135.77212,34.940732,False
京都市伏見区,藤森神社,135.771706,34.951172,False
京都市伏見区,京都府立伏見港公園,135.758676,34.925262,False
京都市伏見区,城南宮,135.74651,34.951094,False
京都市伏見区,菊水若水,135.74651,34.951095,False
京都市伏見区,安楽寿院,135.754822,34.952631,False
京都市伏見区,神聖蔵元直売店,135.762128,34.931005,False
京都市伏見区,株式会社山本本家,135.761619,34.931122,False
京都市伏見区,齊藤酒造株式会社,135.752686,34.931844,False
京都市伏見区,黄桜株式会社,135.748414,34.930068,False
京都市伏見区,株式会社北川本家,135.756683,34.932513,False
京都市伏見区,株式会社小山本家酒造京都伏見工場,135.762683,34.930478,False
京都市伏見区,月桂冠株式会社,135.762203,34.929725,False
京都市伏見区,株式会社増田徳兵衞商店,135.742642,34.940229,False
京都市伏見区,キンシ正宗株式会社,135.76205,34.940612,False
京都市伏見区,松本酒造株式会社,135.754287,34.93334,False
京都市伏見区,三宝院,135.819548,34.952213,False
京都市伏見区,魚三楼,135.764743,34.932336,False
京都市伏見区,御香宮神社,135.767526,34.934755,False
京都市伏見区,月桂冠大倉記念館,135.761611,34.929148,False
京都市伏見区,醍醐寺,135.819565,34.951033,False
京都市伏見区,十二単記念撮影館 雪月花苑（株式会社弥栄）,135.764198,34.960507,False
京都市伏見区,鳥せい本店,135.761989,34.931095,False
京都市伏見区,JR稲荷駅ランプ小屋,135.770851,34.966597,False
京都市伏見区,横大路運動公園,135.732751,34.914746,False
京都市伏見区,伏見　力の湯,135.751276,34.957206,False
京都市伏見区,湯～とぴあ　ダイゴ,135.806154,34.942085,False
京都市伏見区,京エコロジーセンター （京都市環境保全活動センター）,135.76616,34.955981,False
京都市伏見区,寺田屋,135.759577,34.930412,False
京都市伏見区,大橋家庭園（苔涼庭）,135.773415,34.968621,False
京都市伏見区,乃木神社宝物館,135.776372,34.933168,False
京都市伏見区,伏見城跡出土遺物展示室,135.767237,34.934396,False
京都市伏見区,醍醐寺霊宝館,135.819564,34.951033,False
京都市伏見区,藤森神社宝物殿,135.771819,34.950523,False
京都市伏見区,キザクラカッパカントリー,135.76029,34.930861,False
京都市伏見区,京セラギャラリー・京セラファインセラミック館・稲盛ライブラリー,135.750745,34.946848,False
京都市伏見区,株式会社京姫酒造,135.757702,34.930308,False
京都市伏見区,御香水,135.767525,34.934754,False
他府県,比叡山延暦寺,135.841127,35.070473,False
他府県,サントリー山崎蒸溜所,135.674417,34.892364,False
他府県,株式会社井筒八ッ橋本舗　追分店,135.833875,34.99171,False
他府県,比叡山ドライブウェイ,135.83922,35.047591,False
他府県,京都府観光案内所・東京,139.769593,35.683164,False
